Battery Type,Brand,Colour,Front Camera,Model,Processor,Rear Camera,Battery Capacity,Discounted Price,Display Size,Memory,Original Price,Rating Count,Ratings,Reviews,Storage
Lithium,VIVO,Starry Sky,16MP,VIVO T1 44W,Qualcomm Snapdragon 680,50MP + 2MP + 2MP,5000,14499,16.36,4,19990,87331,4.5,6044,128
,APPLE,White,12MP,APPLE IPHONE 11,A Bionic Chip,12MP + 12MP,,47199,15.49,,48900,184191,4.6,10818,128
Lithium,VIVO,Midnight Galaxy,16MP,VIVO T1 44W,Qualcomm Snapdragon 680,50MP + 2MP + 2MP,5000,15999,16.36,6,20990,51365,4.4,3750,128
Lithium Polymer,XIAOMI,Power Black,8MP,POCO M4 5G,Mediatek Dimensity 700,50MP + 2MP,5000,11999,16.71,4,15999,53448,4.2,4185,64
Lithium Polymer,XIAOMI,Caribbean Green,5MP,REDMI 10,Qualcomm Snapdragon 680,50MP + 2MP,6000,9299,17.02,4,14999,187787,4.3,12084,64
Lithium Polymer,XIAOMI,Cool Blue,8MP,POCO M4 5G,Mediatek Dimensity 700,50MP + 2MP,5000,11999,16.71,4,15999,53448,4.2,4185,64
Lithium,XIAOMI,Shadow Gray,5MP,POCO C31,MediaTek Helio G35,13MP + 2MP + 2MP,5000,7499,16.59,4,11999,202727,4.3,11672,64
Lithium Polymer,XIAOMI,Yellow,8MP,POCO M4 5G,Mediatek Dimensity 700,50MP + 2MP,5000,11999,16.71,4,15999,53448,4.2,4185,64
Lithium Polymer,XIAOMI,Midnight Black,5MP,REDMI 10,Qualcomm Snapdragon 680,50MP + 2MP,6000,9299,17.02,4,14999,187787,4.3,12084,64
Lithium,VIVO,Midnight Galaxy,16MP,VIVO T1 44W,Qualcomm Snapdragon 680,50MP + 2MP + 2MP,5000,17999,16.36,8,23990,5798,4.3,483,128
Lithium,VIVO,Starry Sky,16MP,VIVO T1 44W,Qualcomm Snapdragon 680,50MP + 2MP + 2MP,5000,15999,16.36,6,20990,51365,4.4,3750,128
Lithium,INFINIX,Racing Black,8MP,INFINIX HOT 20 PLAY,MediaTek G37,13Mp + AI Lens,6000,8199,17.32,4,11999,8298,4.4,486,64
Lithium,INFINIX,Luna Blue,8MP,INFINIX HOT 20 PLAY,MediaTek G37,13Mp + AI Lens,6000,8199,17.32,4,11999,8298,4.4,486,64
Lithium,INFINIX,Fantasy Purple,8MP,INFINIX HOT 20 PLAY,MediaTek G37,13Mp + AI Lens,6000,8199,17.32,4,11999,8298,4.4,486,64
Lithium Polymer,XIAOMI,Carbon Black,5MP,REDMI 9I SPORT,MediaTek Helio G25,13MP,5000,7499,16.59,4,9999,236239,4.3,13755,64
Lithium,INFINIX,Aurora Green,8MP,INFINIX HOT 20 PLAY,MediaTek G37,13Mp + AI Lens,6000,8199,17.32,4,11999,8298,4.4,486,64
Lithium,XIAOMI,Shadow Gray,5MP,POCO C31,MediaTek Helio G35,13MP + 2MP + 2MP,5000,6499,16.59,3,10999,134382,4.3,8481,32
Lithium,XIAOMI,Royal Blue,5MP,POCO C31,MediaTek G35,13MP + 2MP + 2MP,5000,7499,16.59,4,11999,202727,4.3,11672,64
,APPLE,White,12MP,APPLE IPHONE 11,A Bionic Chip,12MP + 12MP,,40999,15.49,,43900,184191,4.6,10818,64
Lithium,MOTOROLA,Charcoal Grey,16MP,MOTOROLA G52,Qualcomm Snapdragon 680,50MP + 8MP + 2MP,5000,10999,16.76,4,17999,10106,4.2,1217,64
Lithium Polymer,MOTOROLA,Midnight Gray,16MP,MOTOROLA G62 5G,Qualcomm Snapdragon 695 5G,50MP + 8MP + 2MP,5000,16999,16.64,8,24999,4375,4.1,442,128
Lithium Ion,REALME,Bamboo Green,5MP,REALME C30,Unisoc T612,8MP,5000,6749,16.51,3,9299,38925,4.1,2527,32
Lithium Ion,REALME,Lake Blue,5MP,REALME C30,Unisoc T612,8MP,5000,5749,16.51,2,8499,83016,4.3,4466,32
Lithium,VIVO,Starry Sky,16MP,VIVO T1 44W,Qualcomm Snapdragon 680,50MP + 2MP + 2MP,5000,17999,16.36,8,23990,5798,4.3,483,128
Lithium Ion,REALME,Lake Blue,5MP,REALME C30,Unisoc T612,8MP,5000,6749,16.51,3,9299,38925,4.1,2527,32
Lithium Ion,REALME,Denim Black,5MP,REALME C30,Unisoc T612,8MP,5000,6749,16.51,3,9299,38925,4.1,2527,32
Lithium,XIAOMI,Cool Blue,16MP,POCO M4 PRO,Mediatek Helio G96,64MP + 8MP + 2MP,5000,11999,16.33,6,17999,150352,4.3,13531,64
Lithium Polymer,MOTOROLA,Mineral Gray,16MP,MOTOROLA G32,Qualcomm Snapdragon 680,50MP + 8MP + 2MP,5000,10499,16.64,4,16999,27486,4.2,2666,64
Lithium Ion,SAMSUNG,Waterfall Blue,8MP,SAMSUNG GALAXY F13,Exynos 850,50MP + 5MP + 2MP,6000,11099,16.76,4,14999,122678,4.4,7131,64
Lithium,MOTOROLA,Metallic White,16MP,MOTOROLA G52,Qualcomm Snapdragon 680,50MP + 8MP + 2MP,5000,12999,16.76,6,19999,27454,4.2,3250,128
Lithium Polymer,MOTOROLA,Satin Silver,16MP,MOTOROLA G32,Qualcomm Snapdragon 680,50MP + 8MP + 2MP,5000,10499,16.64,4,16999,27486,4.2,2666,64
,APPLE,Midnight,12MP,APPLE IPHONE 14,"A Bionic Chip,  Core",12MP + 12MP,,71999,15.49,,79900,16010,4.7,686,128
Lithium,XIAOMI,Cool Blue,16MP,POCO M4 PRO,Mediatek Helio G96,64MP + 8MP + 2MP,5000,12999,16.33,6,19999,150352,4.3,13531,128
Lithium Ion,SAMSUNG,Nightsky Green,8MP,SAMSUNG GALAXY F13,Exynos 850,50MP + 5MP + 2MP,6000,12099,16.76,4,16999,122678,4.4,7131,128
Lithium Polymer,XIAOMI,Midnight Black,5MP,REDMI 10,Qualcomm Snapdragon 680,50MP + 2MP,6000,11499,17.02,6,16999,24991,4.2,1816,128
Lithium,XIAOMI,Cool Blue,16MP,POCO M4 PRO 5G,Mediatek Dimensity 810,50MP + 8MP,5000,15499,16.76,6,19999,47939,4.2,4182,128
Lithium Polymer,MOTOROLA,Baby Blue,13MP,MOTOROLA G31,Mediatek Helio G85,50MP + 8MP + 2MP,5000,9499,16.26,4,13999,34024,4.2,3859,64
,APPLE,Starlight,12MP,APPLE IPHONE 14,"A Bionic Chip,  Core",12MP + 12MP,,71999,15.49,,79900,16010,4.7,686,128
Lithium Ion,SAMSUNG,Aqua Blue,8MP,SAMSUNG GALAXY F23 5G,Qualcomm Snapdragon 750G,50MP + 8MP + 2MP,5000,15999,16.76,6,23999,157763,4.3,12636,128
Lithium Ion,SAMSUNG,Nightsky Green,8MP,SAMSUNG GALAXY F13,Exynos 850,50MP + 5MP + 2MP,6000,11099,16.76,4,14999,122678,4.4,7131,64
Lithium Polymer,XIAOMI,Power Black,8MP,POCO M4 5G,Mediatek Dimensity 700,50MP + 2MP,5000,13999,16.71,6,18999,26886,4.2,2123,128
Lithium,XIAOMI,Royal Blue,5MP,POCO C31,MediaTek Helio G35,13MP + 2MP + 2MP,5000,6499,16.59,3,10999,134382,4.3,8481,32
Lithium,INFINIX,Metaverse Blue,8MP,INFINIX NOTE 12I,Mediatek Helio G85,50 MP + 2 MP + QVGA,5000,9999,17.02,4,12999,1003,4.2,125,64
Lithium,INFINIX,Force Black,8MP,INFINIX NOTE 12I,Mediatek Helio G85,50 MP + 2 MP + QVGA,5000,9999,17.02,4,12999,1003,4.2,125,64
Lithium,INFINIX,7° Purple,8MP,INFINIX HOT 12,Meditek Helio G37,50 MP + 2 MP Depth Lens + AI Lens,6000,8499,17.32,4,12999,18601,4.3,1333,64
Lithium,INFINIX,Exploratory Blue,8MP,INFINIX HOT 12,Meditek Helio G37,50 MP + 2 MP Depth Lens + AI Lens,6000,8499,17.32,4,12999,18601,4.3,1333,64
Lithium Polymer,XIAOMI,Pacific Blue,5MP,REDMI 10,Qualcomm Snapdragon 680,50MP + 2MP,6000,9299,17.02,4,14999,187787,4.3,12084,64
,APPLE,Black,12MP,APPLE IPHONE 11,A Bionic Chip,12MP + 12MP,,40999,15.49,,43900,184191,4.6,10818,64
Lithium Ion,SAMSUNG,Forest Green,8MP,SAMSUNG GALAXY F23 5G,Qualcomm Snapdragon 750G,50MP + 8MP + 2MP,5000,15999,16.76,6,23999,157763,4.3,12636,128
,SAMSUNG,Aqua Blue,,SAMSUNG GALAXY F23 5G,,50MP,5000,15999,16.76,6,22690,157763,4.3,12636,128
Lithium Polymer,MOTOROLA,Frosted Blue,16MP,MOTOROLA G62 5G,Qualcomm Snapdragon 695 5G,50MP + 8MP + 2MP,5000,16999,16.64,8,24999,4375,4.1,442,128
Lithium Polymer,MOTOROLA,Meteorite Grey,13MP,MOTOROLA G31,Mediatek Helio G85,50MP + 8MP + 2MP,5000,9499,16.26,4,13999,34024,4.2,3859,64
Lithium,INFINIX,Force Black,5MP,INFINIX SMART 6 HD,Mediatek Helio A22,8MP,5000,5799,16.76,2,8999,22440,4.4,1267,32
Lithium,INFINIX,Aqua Sky,5MP,INFINIX SMART 6 HD,Mediatek Helio A22,8MP,5000,5799,16.76,2,8999,22440,4.4,1267,32
Lithium,INFINIX,Origin Blue,5MP,INFINIX SMART 6 HD,Mediatek Helio A22,8MP,5000,5799,16.76,2,8999,22440,4.4,1267,32
Lithium Ion,SAMSUNG,Sunrise Copper,8MP,SAMSUNG GALAXY F13,Exynos 850,50MP + 5MP + 2MP,6000,11099,16.76,4,14999,122678,4.4,7131,64
Lithium Polymer,XIAOMI,Cool Blue,8MP,POCO M4 5G,Mediatek Dimensity 700,50MP + 2MP,5000,13999,16.71,6,18999,26886,4.2,2123,128
,APPLE,Purple,12MP,APPLE IPHONE 14,"A Bionic Chip,  Core",12MP + 12MP,,71999,15.49,,79900,16010,4.7,686,128
Lithium Ion,SAMSUNG,Waterfall Blue,8MP,SAMSUNG GALAXY F13,Exynos 850,50MP + 5MP + 2MP,6000,12099,16.76,4,16999,122678,4.4,7131,128
,MOTOROLA,Carbon Gray,8MP,MOTOROLA E40,UNISOC T700,48MP + 2MP + 2MP,5000,8999,16.51,4,10999,70754,4.2,6695,64
Lithium,INFINIX,Polar Black,8MP,INFINIX HOT 12,Meditek Helio G37,50 MP + 2 MP Depth Lens + AI Lens,6000,8499,17.32,4,12999,18601,4.3,1333,64
Lithium,INFINIX,Turquoise Cyan,8MP,INFINIX HOT 12,Meditek Helio G37,50 MP + 2 MP Depth Lens + AI Lens,6000,8499,17.32,4,12999,18601,4.3,1333,64
Lithium Polymer,XIAOMI,Coral Green,5MP,REDMI 9I SPORT,MediaTek Helio G25,13MP,5000,7499,16.59,4,9999,236239,4.3,13755,64
Lithium Ion,SAMSUNG,Copper Blush,8MP,SAMSUNG GALAXY F23 5G,Qualcomm Snapdragon 750G,50MP + 8MP + 2MP,5000,15999,16.76,6,23999,157763,4.3,12636,128
,MOTOROLA,Cosmic Black,5MP,MOTOROLA E13,Unisoc T606,13MP,5000,7999,16.51,4,10999,1351,4.2,155,64
Lithium Ion,REALME,Denim Black,5MP,REALME C30 - LOCKED WITH AIRTEL PREPAID,Unisoc T612,8MP,5000,5299,16.51,2,8499,83016,4.3,4466,32
Lithium,XIAOMI,Yellow,16MP,POCO M4 PRO,Mediatek Helio G96,64MP + 8MP + 2MP,5000,11999,16.33,6,17999,150352,4.3,13531,64
,MOTOROLA,Creamy White,5MP,MOTOROLA E13,Unisoc T606,13MP,5000,7999,16.51,4,10999,1351,4.2,155,64
Lithium,XIAOMI,Power Black,16MP,POCO M4 PRO 5G,Mediatek Dimensity 810,50MP + 8MP,5000,15999,16.76,8,21999,12436,4.2,1014,128
Lithium,XIAOMI,Cool Blue,16MP,POCO M4 PRO 5G,Mediatek Dimensity 810,50MP + 8MP,5000,12999,16.76,4,16999,39955,4.3,3495,64
Lithium,XIAOMI,Laser Black,16MP,POCO X4 PRO 5G,Qualcomm Snapdragon 695 5G,64MP + 8MP + 2MP,5000,16499,16.94,6,23999,73220,4.2,7392,128
Lithium Ion,SAMSUNG,Opal Green,5MP,SAMSUNG GALAXY F04,Mediatek Helio P35,13MP + 2MP,5000,8999,16.51,4,11499,2792,4.5,111,64
Lithium,XIAOMI,Laser Blue,16MP,POCO X4 PRO 5G,Qualcomm Snapdragon 695 5G,64MP + 8MP + 2MP,5000,16499,16.94,6,23999,73220,4.2,7392,128
Lithium Ion,REALME,Bamboo Green,5MP,REALME C30,Unisoc T612,8MP,5000,5749,16.51,2,8499,83016,4.3,4466,32
Lithium Ion,REALME,Denim Black,5MP,REALME C30,Unisoc T612,8MP,5000,5749,16.51,2,8499,83016,4.3,4466,32
Lithium Ion,SAMSUNG,Jade Purple,5MP,SAMSUNG GALAXY F04,Mediatek Helio P35,13MP + 2MP,5000,8999,16.51,4,11499,2792,4.5,111,64
,APPLE,Blue,12MP,APPLE IPHONE 14,"A Bionic Chip,  Core",12MP + 12MP,,71999,15.49,,79900,16010,4.7,686,128
Lithium,INFINIX,Alpine White,8MP,INFINIX NOTE 12I,Mediatek Helio G85,50 MP + 2 MP + QVGA,5000,9999,17.02,4,12999,1003,4.2,125,64
,OPPO,Gold,5MP,OPPO A17K,Mediatek Helio P35,8MP,5000,9499,16.66,3,12999,687,4.5,15,64
,REALME,Dark Matter,16MP,REALME 10 PRO+ 5G,Mediatek Dimensity 1080 5G,108MP + 8MP + 2MP,5000,25999,17.02,8,27999,5792,4.5,656,128
Lithium Polymer,XIAOMI,Frost White,13MP,REDMI NOTE 10S,Mediatek Helio G95,64MP + 8MP + 2MP + 2MP,5000,12999,16.33,6,16999,84168,4.4,5715,64
Lithium,XIAOMI,Laser Blue,16MP,POCO X4 PRO 5G,Qualcomm Snapdragon 695 5G,64MP + 8MP + 2MP,5000,17499,16.94,8,25999,17160,4.2,1763,128
Lithium,MOTOROLA,Meterorite Grey,16MP,MOTOROLA G82 5G,Qualcomm Snapdragon 695 5G,50MP + 8MP + 2MP,5000,19999,16.76,6,23999,7048,4.2,909,128
Lithium Polymer,XIAOMI,Country Green,5MP,POCO C50,"Mediatek Helio A22, Upto 2.0 GHz",8MP Dual Camera,5000,6999,16.56,3,9999,1528,4.3,96,32
Lithium,MOTOROLA,White Lily,16MP,MOTOROLA G82 5G,Qualcomm Snapdragon 695 5G,50MP + 8MP + 2MP,5000,21499,16.76,8,25999,4238,4.1,535,128
,VIVO,Gravity Black,8MP,VIVO T1X,Qualcomm Snapdragon 680,50MP + 2MP,5000,12999,16.71,4,17990,78071,4.5,4429,128
,VIVO,Space Blue,8MP,VIVO T1X,Qualcomm Snapdragon 680,50MP + 2MP,5000,11999,16.71,4,16990,78071,4.5,4429,64
,VIVO,Gravity Black,8MP,VIVO T1X,Qualcomm Snapdragon 680,50MP + 2MP,5000,11999,16.71,4,16990,78071,4.5,4429,64
,XIAOMI,Slate grey,,REDMI 10A,,13MP,5000,8585,16.59,4,11999,6435,4.2,377,64
Lithium Polymer,XIAOMI,Cosmic White,13MP,REDMI NOTE 11 SE,Mediatek Helio G95 Octa Core,64MP + 8MP + 2MP + 2MP,5000,11999,16.33,6,16999,39454,4.3,2459,64
,ONEPLUS,Blue Tide,,ONEPLUS NORD CE 2 LITE 5G,,64MP,5000,19985,16.74,6,19999,47110,4.3,3685,128
Lithium Ion,REALME,Night Sea,5MP,REALME C33,Unisoc T612,50MP + 0.3MP,5000,8999,16.51,3,11999,19530,4.4,818,32
Lithium Ion,REALME,Sandy Gold,5MP,REALME C33,Unisoc T612,50MP + 0.3MP,5000,8999,16.51,3,11999,19530,4.4,818,32
Lithium Ion,REALME,Aqua Blue,5MP,REALME C33,Unisoc T612,50MP + 0.3MP,5000,8999,16.51,3,11999,19530,4.4,818,32
,GOOGLE,Chalk,8MP,GOOGLE PIXEL 6A,Google Tensor,12.2MP + 12MP,4410,29999,15.6,6,43999,29306,4.3,3682,128
Lithium Polymer,MOTOROLA,Baby Blue,13MP,MOTOROLA G31,Mediatek Helio G85,50MP + 8MP + 2MP,5000,11999,16.26,6,16999,13407,4.2,1403,128
Lithium Polymer,REALME,Speed Blue,16MP,REALME NARZO 50,Mediatek Helio G96,50MP + 2MP + 2MP,5000,11534,16.76,4,15999,15538,4.5,993,64
Lithium Polymer,REALME,Speed Black,16MP,REALME NARZO 50,Mediatek Helio G96,50MP + 2MP + 2MP,5000,11745,16.76,4,15999,15538,4.5,993,64
Lithium Polymer,XIAOMI,Royal Blue,5MP,POCO C50,"Mediatek Helio A22, Upto 2.0 GHz",8MP Dual Camera,5000,6999,16.56,3,9999,1528,4.3,96,32
Lithium,OPPO,Fluid Black,16MP,OPPO F19 PRO+ 5G,MediaTek Dimensity 800U,48MP + 8MP + 2MP + 2MP,4310,17990,16.33,8,29990,28057,4.4,2899,128
Lithium,XIAOMI,Yellow,16MP,POCO M4 PRO 5G,Mediatek Dimensity 810,50MP + 8MP,5000,12999,16.76,4,16999,39955,4.3,3495,64
Lithium Polymer,OPPO,Midnight Black,8MP,OPPO K10 5G,Mediatek Dimensity 810,48MP + 2MP,5000,16999,16.66,8,25999,61218,4.4,4533,128
,VIVO,Space Blue,8MP,VIVO T1X,Qualcomm Snapdragon 680,50MP + 2MP,5000,12999,16.71,4,17990,78071,4.5,4429,128
Lithium Ion,MOTOROLA,Cosmic Black,16MP,MOTOROLA G22,Mediatek Helio G37,50MP + 8MP + 2MP + 2MP,5000,9499,16.51,4,13999,29477,3.8,3466,64
Lithium,INFINIX,Blaster Green,8MP,INFINIX HOT 20 5G,Dimensity 810,50MP + AI Lens,5000,13499,16.76,6,19999,850,4.2,76,128
,VIVO,Space Blue,8MP,VIVO T1X,Qualcomm Snapdragon 680,50MP + 2MP,5000,14999,16.71,6,18990,4011,4.4,250,128
,REALME,Nebula Blue,16MP,REALME 10 PRO 5G,Qualcomm Snapdragon 695 5G,108MP + 2MP,5000,19999,17.07,8,22999,5932,4.4,471,128
,REALME,Hyperspace,16MP,REALME 10 PRO 5G,Qualcomm Snapdragon 695 5G,108MP + 2MP,5000,18999,17.07,6,20999,9577,4.4,801,128
,REALME,Dark Matter,16MP,REALME 10 PRO 5G,Qualcomm Snapdragon 695 5G,108MP + 2MP,5000,18999,17.07,6,20999,9577,4.4,801,128
,REALME,Nebula Blue,16MP,REALME 10 PRO 5G,Qualcomm Snapdragon 695 5G,108MP + 2MP,5000,18999,17.07,6,20999,9577,4.4,801,128
,MOTOROLA,Aurora Green,5MP,MOTOROLA E13,Unisoc T606,13MP,5000,7999,16.51,4,10999,1351,4.2,155,64
,ONEPLUS,Black Dusk,,ONEPLUS NORD CE 2 LITE 5G,,64MP,5000,19922,16.74,6,19999,47110,4.3,3685,128
,APPLE,Black,12MP,APPLE IPHONE 11,A Bionic Chip,12MP + 12MP,,47999,15.49,,48900,184191,4.6,10818,128
,XIAOMI,Charcoal Black,,REDMI 10A,,13MP,5000,7673,16.59,3,10499,1841,4.1,128,32
,APPLE,Black,12MP,APPLE IPHONE 12,A Bionic Chip with Next Generation Neural Engine,12MP + 12MP,,56999,15.49,,64900,186979,4.6,12739,128
Lithium Polymer,REALME,Glowing Black,8MP,REALME C35,Unisoc Tiger T616,50MP + 2MP + 0.3MP,5000,11999,16.76,4,13999,169098,4.4,9781,64
Lithium Ion,REALME,Stripe Blue,5MP,REALME C30S,Unisoc SC9863A/ Unisoc SC9863A1,8MP,5000,6999,16.51,2,9999,4730,4.5,167,32
Lithium,MOTOROLA,Meterorite Grey,16MP,MOTOROLA G82 5G,Qualcomm Snapdragon 695 5G,50MP + 8MP + 2MP,5000,20499,16.76,8,25999,4238,4.1,535,128
Lithium Ion,REALME,Aqua Blue,5MP,REALME C33,Unisoc T612,50MP + 0.3MP,5000,9999,16.51,4,12999,59027,4.4,2566,64
,XIAOMI,Astral White,8MP,REDMI 10 PRIME,Helio G88,50MP + 8MP + 2MP + 2MP,6000,12999,16.51,6,16999,12411,4.2,863,128
Lithium Ion,REALME,Night Sea,5MP,REALME C33,Unisoc T612,50MP + 0.3MP,5000,9999,16.51,4,12999,59027,4.4,2566,64
Lithium Ion,REALME,Sandy Gold,5MP,REALME C33,Unisoc T612,50MP + 0.3MP,5000,9999,16.51,4,12999,59027,4.4,2566,64
Lithium Polymer,XIAOMI,Midnight Black,5MP,REDMI 9I,MediaTek Helio G25,13MP,5000,7499,16.59,4,9999,577272,4.3,33908,64
Lithium,XIAOMI,Power Black,16MP,POCO M4 PRO,Mediatek Helio G96,64MP + 8MP + 2MP,5000,14999,16.33,8,21999,14132,4.3,1226,128
Lithium Ion,MOTOROLA,Iceberg Blue,16MP,MOTOROLA G22,Mediatek Helio G37,50MP + 8MP + 2MP + 2MP,5000,9699,16.51,4,13999,29477,3.8,3466,64
,VIVO,Gravity Black,8MP,VIVO T1X,Qualcomm Snapdragon 680,50MP + 2MP,5000,14999,16.71,6,18990,4011,4.4,250,128
Lithium Polymer,XIAOMI,Stardust Purple,16MP,REDMI NOTE 12 PRO 5G,Mediatek Dimensity 1080,50MP (OIS) + 8MP + 2MP,5000,24999,16.94,6,27999,9137,4.3,1023,128
Lithium Polymer,REALME,Glowing Green,8MP,REALME C35,Unisoc Tiger T616,50MP + 2MP + 0.3MP,5000,11999,16.76,4,13999,169098,4.4,9781,64
Lithium Polymer,MOTOROLA,Metallic Rose,16MP,MOTOROLA G42,Qualcomm Snapdragon 680,50MP + 8MP + 2MP,5000,10999,16.43,4,16999,5670,4.2,630,64
Lithium,XIAOMI,Yellow,16MP,POCO M4 PRO 5G,Mediatek Dimensity 810,50MP + 8MP,5000,16999,16.76,6,19999,47939,4.2,4182,128
Lithium Polymer,XIAOMI,Country Green,5MP,POCO C50,"Mediatek Helio A22, Upto 2.0 GHz",8MP Dual Camera,5000,6249,16.56,2,8999,2416,4.4,120,32
Lithium Polymer,XIAOMI,Royal Blue,5MP,POCO C50,"Mediatek Helio A22, Upto 2.0 GHz",8MP Dual Camera,5000,6249,16.56,2,8999,2416,4.4,120,32
Lithium Polymer,XIAOMI,Coral Green,5MP,REDMI 9 ACTIV,Mediatek Helio G35,13MP + 2MP,5000,10499,16.59,6,12999,5042,4.2,335,128
,MOTOROLA,Arctic Blue,8MP,MOTOROLA E32,Mediatek Helio G37,50MP + 2MP,5000,8999,16.51,4,11999,897,4,82,64
,SAMSUNG,Aqua Green,,SAMSUNG GALAXY M13,,50MP,6000,11044,16.76,4,14999,2494,4.2,164,64
,XIAOMI,Starburst White,,REDMI NOTE 11,,50MP,5000,12680,16.33,6,18999,774,4.3,63,64
,XIAOMI,Space Black,,REDMI NOTE 11,,50MP,5000,11989,16.33,4,17999,396,4.2,34,64
,GOOGLE,Charcoal,8MP,GOOGLE PIXEL 6A,Google Tensor,12.2MP + 12MP,4410,29999,15.6,6,43999,29306,4.3,3682,128
,OPPO,Sunset Orange,,OPPO F21 PRO,,64MP,4500,20999,16.33,8,27999,2568,4.4,188,128
Lithium,INFINIX,Lightsaber Green,8MP,INFINIX HOT 12 PRO,Unisoc T616,50 MP + Depth Lens,5000,8999,16.76,6,13999,7129,4.2,431,64
Lithium Ion,SAMSUNG,Aqua Blue,8MP,SAMSUNG GALAXY F23 5G,Qualcomm Snapdragon 750G,50MP + 8MP + 2MP,5000,14999,16.76,4,22999,36500,4.2,2893,128
,APPLE,Pink,12MP,APPLE IPHONE 13,A Bionic Chip,12MP + 12MP,,61999,15.49,,69900,190651,4.7,10468,128
Lithium,INFINIX,Electric Blue,8MP,INFINIX HOT 12 PRO,Unisoc T616,50 MP + Depth Lens,5000,8999,16.76,6,13999,7129,4.2,431,64
,APPLE,Blue,12MP,APPLE IPHONE 13,A Bionic Chip,12MP + 12MP,,61999,15.49,,69900,190651,4.7,10468,128
Lithium Polymer,REALME,Speed Black,16MP,REALME NARZO 50,Mediatek Helio G96,50MP + 2MP + 2MP,5000,15499,16.76,6,17999,7639,4.4,564,128
Lithium Ion,REALME,Rocking Black,8MP,REALME 9I 5G,Mediatek Dimensity 810 5G,50MP + 2MP + 2MP,5000,14999,16.76,4,17999,40920,4.5,1930,64
Lithium Polymer,REALME,Speed Blue,16MP,REALME NARZO 50,Mediatek Helio G96,50MP + 2MP + 2MP,5000,15499,16.76,6,17999,7639,4.4,564,128
Lithium,INFINIX,Force Black,16MP,INFINIX NOTE 12 5G,Mediatek Dimensity 810 5G,50 MP + 2 MP Depth Lens + AI Lens,5000,13099,17.02,6,19999,14950,4.2,1646,64
Lithium,INFINIX,Snowfall,16MP,INFINIX NOTE 12 5G,Mediatek Dimensity 810 5G,50 MP + 2 MP Depth Lens + AI Lens,5000,13099,17.02,6,19999,14950,4.2,1646,64
Lithium Polymer,OPPO,Ocean Blue,8MP,OPPO K10 5G,Mediatek Dimensity 810,48MP + 2MP,5000,16999,16.66,8,25999,61218,4.4,4533,128
Lithium Polymer,XIAOMI,Metallic Blue,5MP,REDMI 9I SPORT,MediaTek Helio G25,13MP,5000,7499,16.59,4,9999,236239,4.3,13755,64
,ONEPLUS,Blue Tide,,ONEPLUS NORD CE 2 LITE 5G,,64MP,5000,19975,16.74,6,19999,47110,4.3,3685,128
Lithium,OPPO,Space Silver,16MP,OPPO F19 PRO+ 5G,MediaTek Dimensity 800U,48MP + 8MP + 2MP + 2MP,4310,17990,16.33,8,29990,28057,4.4,2899,128
,SAMSUNG,Mint,,SAMSUNG GALAXY A03 CORE,,8MP,5000,6600,16.51,2,10499,2729,4,237,32
Lithium,OPPO,Midnight Black,5MP,OPPO A17,Mediatek Helio G35,50MP + 0.3MP + 0.3MP,5000,12499,16.66,4,14999,1727,4.4,70,64
Lithium Polymer,REALME,Glowing Green,8MP,REALME C35,Unisoc Tiger T616,50MP + 2MP + 0.3MP,5000,12999,16.76,4,14999,169098,4.4,9781,128
Lithium Polymer,REALME,Glowing Black,8MP,REALME C35,Unisoc Tiger T616,50MP + 2MP + 0.3MP,5000,12999,16.76,4,14999,169098,4.4,9781,128
Lithium Polymer,REALME,Glowing Black,8MP,REALME C35,Unisoc Tiger T616,50MP + 2MP + 0.3MP,5000,13999,16.76,6,15999,14815,4.2,936,128
Lithium,VIVO,Starlight Black,16MP,VIVO T1 5G,Qualcomm Snapdragon 695,50MP + 2MP + 2MP,5000,15990,16.71,4,19990,63968,4.3,5079,128
Lithium Polymer,XIAOMI,Caribbean Green,5MP,REDMI 10,Qualcomm Snapdragon 680,50MP + 2MP,6000,11499,17.02,6,16999,24991,4.2,1816,128
Lithium,INFINIX,Space Blue,8MP,INFINIX HOT 20 5G,Dimensity 810,50MP + AI Lens,5000,13499,16.76,6,19999,850,4.2,76,128
,APPLE,Starlight,12MP,APPLE IPHONE 13,A Bionic Chip,12MP + 12MP,,61999,15.49,,69900,190651,4.7,10468,128
Lithium Ion,REALME,Stripe Black,5MP,REALME C30S,Unisoc SC9863A/ Unisoc SC9863A1,8MP,5000,6999,16.51,2,9999,4730,4.5,167,32
Lithium,XIAOMI,Yellow,16MP,POCO M4 PRO,Mediatek Helio G96,64MP + 8MP + 2MP,5000,12999,16.33,6,19999,150352,4.3,13531,128
Lithium Ion,REALME,Metallica Gold,8MP,REALME 9I 5G,Mediatek Dimensity 810 5G,50MP + 2MP + 2MP,5000,14999,16.76,4,17999,40920,4.5,1930,64
Lithium Polymer,MOTOROLA,Frosted Blue,16MP,MOTOROLA G62 5G,Qualcomm Snapdragon 695 5G,50MP + 8MP + 2MP,5000,15999,16.64,6,21999,18256,4.2,1818,128
,REALME,Clash White,16MP,REALME 10,Mediatek Helio G99 Octa Core,50MP + 2MP,5000,13999,16.26,4,15999,3424,4.4,245,64
,REALME,Rush Black,16MP,REALME 10,Mediatek Helio G99 Octa Core,50MP + 2MP,5000,13999,16.26,4,15999,3424,4.4,245,64
,REALME,Rush Black,16MP,REALME 10,Mediatek Helio G99 Octa Core,50MP + 2MP,5000,16999,16.26,8,19999,803,4.3,57,128
,XIAOMI,Light Green,,REDMI A1,,5MP,5000,6275,16.56,2,8999,4176,4.3,218,32
Lithium,MOTOROLA,Polar Blue,16MP,MOTOROLA G72,Mediatek Helio G99,108MP + 8MP + 2MP,5000,16999,16.64,6,21999,10081,4.1,1427,128
,XIAOMI,Yellow,16MP,POCO X5 PRO 5G,Qualcomm Snapdragon 778G,108MP + 8MP + 2MP,5000,24999,16.94,8,28999,983,4.4,109,256
,REALME,Dark Matter,16MP,REALME 10 PRO+ 5G,Mediatek Dimensity 1080 5G,108MP + 8MP + 2MP,5000,24999,17.02,6,25999,11341,4.5,1146,128
Lithium Ion,SAMSUNG,Copper Blush,8MP,SAMSUNG GALAXY F23 5G,Qualcomm Snapdragon 750G,50MP + 8MP + 2MP,5000,14999,16.76,4,22999,36500,4.2,2893,128
Lithium,MOTOROLA,White Lily,16MP,MOTOROLA G82 5G,Qualcomm Snapdragon 695 5G,50MP + 8MP + 2MP,5000,19999,16.76,6,23999,7048,4.2,909,128
,XIAOMI,Horizon Blue,16MP,POCO X5 PRO 5G,Qualcomm Snapdragon 778G,108MP + 8MP + 2MP,5000,24999,16.94,8,28999,983,4.4,109,256
,XIAOMI,Black,,REDMI A1,,5MP,5000,6489,16.56,2,8999,4176,4.3,218,32
,REALME,Light Silver,5MP,REALME C31,Unisoc T612,13MP + 2MP + 0.3MP,5000,9299,16.56,3,10999,46544,4.5,1841,32
,REALME,Dark Green,5MP,REALME C31,Unisoc T612,13MP + 2MP + 0.3MP,5000,9299,16.56,3,10999,46544,4.5,1841,32
Lithium,XIAOMI,Cool Blue,16MP,POCO M4 PRO 5G,Mediatek Dimensity 810,50MP + 8MP,5000,18999,16.76,8,21999,12436,4.2,1014,128
Lithium,OPPO,Sunlight Orange,5MP,OPPO A17,Mediatek Helio G35,50MP + 0.3MP + 0.3MP,5000,12499,16.66,4,14999,1727,4.4,70,64
Lithium Polymer,XIAOMI,Carbon Black,5MP,REDMI 9 ACTIV,Mediatek Helio G35,13MP + 2MP,5000,10499,16.59,6,12999,5042,4.2,335,128
,XIAOMI,Astral Black,16MP,POCO X5 PRO 5G,Qualcomm Snapdragon 778G,108MP + 8MP + 2MP,5000,24999,16.94,8,28999,983,4.4,109,256
Lithium,OPPO,Midnight Black,32MP,OPPO RENO8T 5G,Qualcomm Snapdragon 695,108MP + 2MP + 2MP,4800,29999,17.02,8,38999,1761,4.3,196,128
,OPPO,Midnight Blue,16MP,OPPO F19,Qualcomm Snapdragon 662,48MP + 2MP + 2MP,5000,14990,16.33,6,20990,25035,4.3,1801,128
Lithium,XIAOMI,Yellow,16MP,POCO X4 PRO 5G,Qualcomm Snapdragon 695 5G,64MP + 8MP + 2MP,5000,17499,16.94,8,25999,17160,4.2,1763,128
,XIAOMI,Horizon Blue,,REDMI NOTE 11,,50MP,5000,14495,16.33,6,19999,774,4.3,63,128
Lithium,VIVO,Steller Black,5MP,VIVO Y16,Mediatek Helio P35,13MP + 2MP,5000,12380,16.54,4,15999,1084,4.4,68,64
Lithium Ion,REALME,Soulful Blue,8MP,REALME 9I 5G,Mediatek Dimensity 810 5G,50MP + 2MP + 2MP,5000,14999,16.76,4,17999,40920,4.5,1930,64
,SAMSUNG,Mystique Green,,SAMSUNG GALAXY M33 5G,,50MP,6000,16771,16.74,6,24999,7862,4.2,640,128
Lithium Ion,SAMSUNG,Sunrise Copper,8MP,SAMSUNG GALAXY F13,Exynos 850,50MP + 5MP + 2MP,6000,12099,16.76,4,16999,122678,4.4,7131,128
Lithium,INFINIX,Halo White,8MP,INFINIX HOT 12 PRO,Unisoc T616,50 MP + Depth Lens,5000,11999,16.76,8,15999,4590,4,403,128
Lithium Ion,SAMSUNG,Light Green,13MP,SAMSUNG GALAXY A14 5G,SEC S5E8535 (Exynos 1330),50MP + 2MP,5000,16499,16.76,4,18499,89,4.2,3,64
,XIAOMI,Sea Blue,,REDMI 10A,,13MP,5000,8751,16.59,4,11999,6435,4.2,377,64
,XIAOMI,Sea Blue,,REDMI 10A,,13MP,5000,7999,16.59,3,10999,1841,4.1,128,32
,XIAOMI,Horizon Blue,16MP,POCO X5 PRO 5G,Qualcomm Snapdragon 778G,108MP + 8MP + 2MP,5000,22999,16.94,6,25999,924,4.4,119,128
Lithium Polymer,MOTOROLA,Midnight Gray,16MP,MOTOROLA G62 5G,Qualcomm Snapdragon 695 5G,50MP + 8MP + 2MP,5000,15999,16.64,6,21999,18256,4.2,1818,128
,SAMSUNG,Forest Green,,SAMSUNG GALAXY F23 5G,,50MP,5000,15990,16.76,6,23999,157763,4.3,12636,128
Lithium Polymer,MOTOROLA,Atlantic Green,16MP,MOTOROLA G42,Qualcomm Snapdragon 680,50MP + 8MP + 2MP,5000,10999,16.43,4,16999,5670,4.2,630,64
Lithium,XIAOMI,Yellow,16MP,POCO M4 PRO 5G,Mediatek Dimensity 810,50MP + 8MP,5000,18999,16.76,8,21999,12436,4.2,1014,128
,REALME,Light Silver,5MP,REALME C31,Unisoc T612,13MP + 2MP + 0.3MP,5000,9999,16.56,4,11999,61796,4.4,2928,64
,REALME,Dark Green,5MP,REALME C31,Unisoc T612,13MP + 2MP + 0.3MP,5000,9999,16.56,4,11999,61796,4.4,2928,64
Lithium,VIVO,Sapphire Blue,5MP,VIVO Y01,Mediatek Helio P35,8MP,5000,7999,16.54,2,12999,1275,4.2,81,32
Lithium,VIVO,Diamond Glow,8MP,VIVO Y21,Mediatek Helio P35,13MP + 2MP,5000,12630,16.54,4,17990,14580,4.3,1090,64
Lithium Ion,SAMSUNG,Forest Green,8MP,SAMSUNG GALAXY F23 5G,Qualcomm Snapdragon 750G,50MP + 8MP + 2MP,5000,14999,16.76,4,22999,36500,4.2,2893,128
Lithium,XIAOMI,Yellow,16MP,POCO X4 PRO 5G,Qualcomm Snapdragon 695 5G,64MP + 8MP + 2MP,5000,16499,16.94,6,23999,73220,4.2,7392,128
,XIAOMI,Phantom Black,8MP,REDMI 10 PRIME,Helio G88,50MP + 8MP + 2MP + 2MP,6000,12999,16.51,6,16999,12411,4.2,863,128
Lithium,INFINIX,Racing Black,8MP,INFINIX HOT 20 5G,Dimensity 810,50MP + AI Lens,5000,13499,16.76,6,19999,850,4.2,76,128
,VIVO,Cosmic Grey,5MP,VIVO Y02,MediaTek P22,8MP,5000,8999,16.54,3,12999,200,4.3,9,32
Lithium Polymer,XIAOMI,Yellow,8MP,POCO M4 5G,Mediatek Dimensity 700,50MP + 2MP,5000,13999,16.71,6,18999,26886,4.2,2123,128
Lithium,VIVO,Drizzling Gold,5MP,VIVO Y16,Mediatek Helio P35,13MP + 2MP,5000,9999,16.54,3,12999,1418,4.3,86,32
Lithium Polymer,REALME,Glowing Green,8MP,REALME C35,Unisoc Tiger T616,50MP + 2MP + 0.3MP,5000,13999,16.76,6,15999,14815,4.2,936,128
Lithium Polymer,XIAOMI,Onyx Black,16MP,REDMI NOTE 12 PRO 5G,Mediatek Dimensity 1080,50MP (OIS) + 8MP + 2MP,5000,27999,16.94,8,31999,3694,4.3,395,256
Lithium,VIVO,Rainbow Fantasy,16MP,VIVO T1 5G,Qualcomm Snapdragon 695,50MP + 2MP + 2MP,5000,19990,16.71,8,23990,16249,4.3,1401,128
Lithium,VIVO,Starlight Black,16MP,VIVO T1 5G,Qualcomm Snapdragon 695,50MP + 2MP + 2MP,5000,19990,16.71,8,23990,16249,4.3,1401,128
Lithium Polymer,XIAOMI,Stardust Purple,16MP,REDMI NOTE 12 PRO 5G,Mediatek Dimensity 1080,50MP (OIS) + 8MP + 2MP,5000,27999,16.94,8,31999,3694,4.3,395,256
Lithium,INFINIX,Force Black,16MP,INFINIX NOTE 12 PRO 5G,Mediatek Dimensity 810 5G,108MP + 2MP (Depth) + 2MP (Macro),5000,16999,17.02,8,24999,19595,4.1,2444,128
Lithium,MOTOROLA,Aurora Green,32MP,MOTOROLA EDGE 30,Qualcomm Snapdragon 778G Plus,50MP + 50MP + 2MP,4020,22999,16.64,6,30999,8266,4.1,1114,128
Lithium Ion,NOTHING,,16MP,NOTHING PHONE,Qualcomm Snapdragon 778G+,50MP + 50MP,4500,35999,16.64,,42999,6616,4.3,753,
Lithium,INFINIX,Snowfall,16MP,INFINIX NOTE 12 PRO 5G,Mediatek Dimensity 810 5G,108MP + 2MP (Depth) + 2MP (Macro),5000,16999,17.02,8,24999,19595,4.1,2444,128
Lithium,XIAOMI,Laser Blue,16MP,POCO X4 PRO 5G,Qualcomm Snapdragon 695 5G,64MP + 8MP + 2MP,5000,15499,16.94,6,22999,73220,4.2,7392,64
Lithium Polymer,XIAOMI,Glacier Blue,16MP,REDMI NOTE 12 PRO 5G,Mediatek Dimensity 1080,50MP (OIS) + 8MP + 2MP,5000,24999,16.94,6,27999,9137,4.3,1023,128
Lithium,INFINIX,Light Sea Green,5MP,INFINIX SMART 6,Mediatek Helio A22,8 MP + Depth Lens,5000,6999,16.76,2,8999,30140,4.3,2071,64
,SAMSUNG,Aqua Green,,SAMSUNG GALAXY M13 5G,,50MP,5000,12639,16.51,4,14999,279,4,15,64
Lithium Ion,OPPO,Blue Flame,16MP,OPPO K10,Qualcomm Snapdragon 680,50MP + 2MP + 2MP,5000,13990,16.74,6,18999,103802,4.4,7606,128
Lithium,VIVO,Turbo Black,16MP,VIVO T1 PRO 5G,Qualcomm Snapdragon 778G 5G Mobile Platform,64MP + 8MP + 2MP,4700,23999,16.36,6,28990,7982,4.4,764,128
,REALME,Cool Blue,5MP,REALME C11 2021,Octa-core,8MP,5000,7499,16.51,2,7999,234364,4.4,10135,32
,REALME,Cool Grey,5MP,REALME C11 2021,Octa-core,8MP,5000,7499,16.51,2,7999,234364,4.4,10135,32
Lithium,INFINIX,Racing Black,8MP,INFINIX HOT 12 PRO,Unisoc T616,50 MP + Depth Lens,5000,8999,16.76,6,13999,7129,4.2,431,64
,MOTOROLA,Frosted Pearl,32MP,MOTOROLA EDGE 20 5G,Qualcomm Snapdragon 778G,108MP + 8MP + 16MP,4000,20999,17.02,8,34999,8964,4.1,1303,128
,MOTOROLA,Eco Black,8MP,MOTOROLA E32,Mediatek Helio G37,50MP + 2MP,5000,8999,16.51,4,11999,897,4,82,64
Lithium,INFINIX,Halo White,8MP,INFINIX HOT 12 PRO,Unisoc T616,50 MP + Depth Lens,5000,8999,16.76,6,13999,7129,4.2,431,64
Lithium,INFINIX,Electric Blue,8MP,INFINIX HOT 12 PRO,Unisoc T616,50 MP + Depth Lens,5000,11999,16.76,8,15999,4590,4,403,128
Lithium,VIVO,Dawn Gold,16MP,VIVO Y35,Qualcomm Snapdragon 680,50MP + 2MP + 2MP,5000,18499,16.71,8,22999,1670,4.4,119,128
,REALME,Hyperspace,16MP,REALME 10 PRO+ 5G,Mediatek Dimensity 1080 5G,108MP + 8MP + 2MP,5000,24999,17.02,6,25999,11341,4.5,1146,128
,REALME,Nebula Blue,16MP,REALME 10 PRO+ 5G,Mediatek Dimensity 1080 5G,108MP + 8MP + 2MP,5000,24999,17.02,6,25999,11341,4.5,1146,128
,REALME,Hyperspace,16MP,REALME 10 PRO+ 5G,Mediatek Dimensity 1080 5G,108MP + 8MP + 2MP,5000,25999,17.02,8,27999,5792,4.5,656,128
Lithium Ion,SAMSUNG,Lavender,32MP,SAMSUNG GALAXY S21 FE 5G,,12MP + 12MP + 8MP (OIS),4500,34999,16.26,8,74999,36083,4.4,3525,128
,APPLE,,12MP,APPLE IPHONE 14,"A Bionic Chip,  Core",12MP + 12MP,,71999,15.49,,79900,16010,4.7,686,
Lithium,INFINIX,Coral Orange,16MP,INFINIX ZERO 5G 2023,Mediatek Dimensity 920,50MP + 2MP + 2MP,5000,17999,17.22,8,24999,65,4.2,8,128
,I KALL,Blue,8MP,I KALL Z19PRO,Octa Core,13MP,5000,8299,16.51,4,10499,189,3.4,13,64
Lithium Polymer,XIAOMI,Onyx Black,16MP,REDMI NOTE 12 PRO 5G,Mediatek Dimensity 1080,50MP (OIS) + 8MP + 2MP,5000,24999,16.94,6,27999,9137,4.3,1023,128
Lithium,INFINIX,Submariner Black,16MP,INFINIX ZERO 5G 2023,Mediatek Dimensity 920,50MP + 2MP + 2MP,5000,17999,17.22,8,24999,65,4.2,8,128
Lithium Ion,REALME,Bamboo Green,5MP,REALME C30 - LOCKED WITH AIRTEL PREPAID,Unisoc T612,8MP,5000,6299,16.51,3,9299,38925,4.1,2527,32
Lithium Polymer,XIAOMI,Glacier Blue,16MP,REDMI NOTE 12 PRO 5G,Mediatek Dimensity 1080,50MP (OIS) + 8MP + 2MP,5000,27999,16.94,8,31999,3694,4.3,395,256
,APPLE,Midnight,12MP,APPLE IPHONE 14 PLUS,"A Bionic Chip,  Core",12MP + 12MP,,80999,17.02,,89900,4110,4.7,294,128
Lithium Ion,SAMSUNG,Dark Red,13MP,SAMSUNG GALAXY A14 5G,SEC S5E8535 (Exynos 1330),50MP + 2MP,5000,16499,16.76,4,18499,89,4.2,3,64
,APPLE,Purple,12MP,APPLE IPHONE 14 PLUS,"A Bionic Chip,  Core",12MP + 12MP,,80999,17.02,,89900,4110,4.7,294,128
Lithium,OPPO,Sunrise Gold,32MP,OPPO RENO8T 5G,Qualcomm Snapdragon 695,108MP + 2MP + 2MP,4800,29999,17.02,8,38999,1761,4.3,196,128
Lithium,MOTOROLA,Meteor Grey,32MP,MOTOROLA EDGE 30,Qualcomm Snapdragon 778G Plus,50MP + 50MP + 2MP,4020,24999,16.64,8,34999,4457,4.1,640,128
,MOTOROLA,Creamy White,5MP,MOTOROLA E13,Unisoc T606,13MP,5000,6999,16.51,2,9999,214,4.2,23,64
,APPLE,Starlight,12MP,APPLE IPHONE 14 PLUS,"A Bionic Chip,  Core",12MP + 12MP,,80999,17.02,,89900,4110,4.7,294,128
Lithium,INFINIX,Blaster Green,8MP,INFINIX HOT 20 5G,Dimensity 810,50MP + AI Lens,5000,11499,16.76,4,17999,3241,4.3,271,64
,XIAOMI,Slate Grey,,REDMI 10A,,13MP,5000,7478,16.59,3,10999,1841,4.1,128,32
Lithium,VIVO,Wave Green,8MP,VIVO Y15S,Mediatek Helio P35,13MP + 2MP,5000,9499,16.54,3,13990,3742,4.3,274,32
Lithium,VIVO,Steller Black,5MP,VIVO Y16,Mediatek Helio P35,13MP + 2MP,5000,10999,16.54,3,13999,1418,4.3,86,64
Lithium,VIVO,Drizzling Gold,5MP,VIVO Y16,Mediatek Helio P35,13MP + 2MP,5000,12499,16.54,4,15999,1084,4.4,68,64
,APPLE,Purple,12MP,APPLE IPHONE 14,"A Bionic Chip,  Core",12MP + 12MP,,81999,15.49,,89900,16010,4.7,686,256
Lithium,INFINIX,Polar Black,5MP,INFINIX SMART 6,Mediatek Helio A22,8 MP + Depth Lens,5000,6999,16.76,2,8999,30140,4.3,2071,64
Lithium,INFINIX,Heart Of Ocean,5MP,INFINIX SMART 6,Mediatek Helio A22,8 MP + Depth Lens,5000,6999,16.76,2,8999,30140,4.3,2071,64
Lithium,INFINIX,Starry Purple,5MP,INFINIX SMART 6,Mediatek Helio A22,8 MP + Depth Lens,5000,6999,16.76,2,8999,30140,4.3,2071,64
,ONEPLUS,Blue Tide,,ONEPLUS NORD CE 2 LITE 5G,,64MP,5000,19998,16.74,6,19999,47110,4.3,3685,128
,ONEPLUS,Blue Tide,,ONEPLUS NORD CE 2 LITE 5G,,64MP,5000,21999,16.74,8,17999,3895,4.3,348,128
Lithium,XIAOMI,Laser Black,16MP,POCO X4 PRO 5G,Qualcomm Snapdragon 695 5G,64MP + 8MP + 2MP,5000,17499,16.94,8,25999,17160,4.2,1763,128
Lithium,MOTOROLA,Meteor Grey,32MP,MOTOROLA EDGE 30,Qualcomm Snapdragon 778G Plus,50MP + 50MP + 2MP,4020,22999,16.64,6,30999,8266,4.1,1114,128
,XIAOMI,Space Black,,REDMI NOTE 11,,50MP,5000,14699,16.33,6,19999,774,4.3,63,128
,IQOO,Raven Black,16MP + 16MP Dual,IQOO Z6 44W,,50MP + 50MP + 2MP + 2MP,5000,16239,16.36,6,17999,859,4.3,66,128
Lithium,INFINIX,Lightsaber Green,8MP,INFINIX HOT 12 PRO,Unisoc T616,50 MP + Depth Lens,5000,11999,16.76,8,15999,4590,4,403,128
,MICROMAX,Silver,5MP,MICROMAX IN 2C,Unisoc T610,8MP,5000,5999,16.56,3,9499,3156,4.2,372,32
,OPPO,Prism Black,16MP,OPPO F19,Qualcomm Snapdragon 662,48MP + 2MP + 2MP,5000,14990,16.33,6,20990,25035,4.3,1801,128
,SAMSUNG,Deep Ocean Blue,,SAMSUNG GALAXY M33 5G,,50MP,6000,18634,16.76,8,25999,1070,4.3,77,128
,MOTOROLA,Cosmic Black,5MP,MOTOROLA E13,Unisoc T606,13MP,5000,6999,16.51,2,9999,214,4.2,23,64
Lithium Polymer,INFINIX,Volcanic Grey,16MP,INFINIX NOTE 12 PRO,Mediatek Helio G99,108MP + 2MP Depth Lens + AI lens,5000,14999,17.02,8,21999,3941,4.2,432,256
Lithium Polymer,INFINIX,Tuscany Blue,16MP,INFINIX NOTE 12 PRO,Mediatek Helio G99,108MP + 2MP Depth Lens + AI lens,5000,14999,17.02,8,21999,3941,4.2,432,256
Lithium Ion,SAMSUNG,Black,5MP,SAMSUNG GALAXY A03,Unisoc UMS9230,48MP + 2MP,5000,8149,16.51,3,8690,674,4.1,43,32
Lithium Ion,REALME,Rocking Black,8MP,REALME 9I 5G,Mediatek Dimensity 810 5G,50MP + 2MP + 2MP,5000,16999,16.76,6,19999,5416,4.3,392,128
Lithium Ion,OPPO,Black Carbon,16MP,OPPO K10,Qualcomm Snapdragon 680,50MP + 2MP + 2MP,5000,13990,16.74,6,18999,103802,4.4,7606,128
,XIAOMI,SLATE GREY,,REDMI 10A SPORT,,13MP,5000,10989,16.59,6,13999,797,4,49,128
Lithium Ion,SAMSUNG,Graphite,32MP,SAMSUNG GALAXY S21 FE 5G,,12MP + 12MP + 8MP (OIS),4500,34999,16.26,8,74999,36083,4.4,3525,128
,XIAOMI,Astral Black,16MP,POCO X5 PRO 5G,Qualcomm Snapdragon 778G,108MP + 8MP + 2MP,5000,22999,16.94,6,25999,924,4.4,119,128
,ITEL,Jewel Blue,,ITEL VISION3,,8MP,5000,5899,16.76,2,7999,211,4.3,17,32
,REALME,Flash Black,8MP,REALME NARZO 50A PRIME,,50MP,5000,10977,16.76,4,13499,198,3.9,11,64
Lithium,OPPO,Starry Black,8MP,OPPO A77S,Qualcomm Snapdragon 680,50MP + 2MP,5000,17999,16.66,8,22999,263,4.3,21,128
,MOTOROLA,Aurora Green,5MP,MOTOROLA E13,Unisoc T606,13MP,5000,6999,16.51,2,9999,214,4.2,23,64
Lithium,INFINIX,Force Black,16MP,INFINIX NOTE 12,MediaTek Helio G88,50MP + 2MP Depth + AI Lens,5000,10999,17.02,4,15999,25033,4.2,2495,64
Lithium,INFINIX,Jewel Blue,16MP,INFINIX NOTE 12,MediaTek Helio G88,50MP + 2MP Depth + AI Lens,5000,10999,17.02,4,15999,25033,4.2,2495,64
Lithium,VIVO,Starlight Black,16MP,VIVO T1 5G,Qualcomm Snapdragon 695,50MP + 2MP + 2MP,5000,16990,16.71,6,20990,167235,4.4,12790,128
Lithium,VIVO,Rainbow Fantasy,16MP,VIVO T1 5G,Turbo Snapdragon 695,50MP + 2MP + 2MP,5000,15990,16.71,4,19990,63968,4.3,5079,128
Lithium,VIVO,Rainbow Fantasy,16MP,VIVO T1 5G,Qualcomm Snapdragon 695,50MP + 2MP + 2MP,5000,16990,16.71,6,20990,167235,4.4,12790,128
,TECNO,Eco Black,8MP,TECNO POVA 3,MediaTek Helio G88,50MP + 2MP + 2MP,7000,10869,17.53,4,14999,471,4.3,26,64
,TECNO,Electric Blue,8MP,TECNO POVA 3,MediaTek Helio G88,50MP + 2MP + 2MP,7000,12490,17.53,4,14499,471,4.3,26,64
,REALME,Cool Grey,5MP,REALME C11 2021,Octa-core,8MP,5000,8999,16.51,4,9999,206885,4.3,11043,64
,REALME,Cool Blue,5MP,REALME C11 2021,Octa-core,8MP,5000,8999,16.51,4,9999,206885,4.3,11043,64
Lithium,INFINIX,Tranquil Sea Blue,5MP,INFINIX SMART 6 PLUS,Mediatek Helio G25,8 MP + Depth Lens,5000,8299,17.32,3,9999,11620,4.3,836,64
Lithium Polymer,XIAOMI,Vintage Bronze,16MP,REDMI NOTE 10 PRO,Qualcomm Snapdragon 732G,64MP + 8MP + 5MP + 2MP,5020,17999,16.94,6,19999,42313,4.3,3963,128
,APPLE,Midnight,12MP,APPLE IPHONE 14,"A Bionic Chip,  Core",12MP + 12MP,,81999,15.49,,89900,16010,4.7,686,256
Lithium Ion,SAMSUNG,Olive,32MP,SAMSUNG GALAXY S21 FE 5G,,12MP + 12MP + 8MP (OIS),4500,34999,16.26,8,74999,36083,4.4,3525,128
Lithium Ion,REALME,Stripe Black,5MP,REALME C30S,Unisoc SC9863A/ Unisoc SC9863A1,8MP,5000,8499,16.51,4,11999,4596,4.3,269,64
Lithium Ion,REALME,Stripe Blue,5MP,REALME C30S,Unisoc SC9863A/ Unisoc SC9863A1,8MP,5000,8499,16.51,4,11999,4596,4.3,269,64
,SAMSUNG,Dark Blue,5MP,SAMSUNG GALAXY M04,MediaTek Helio P35,13MP + 2MP,5000,8966,16.51,4,11499,365,4.2,27,64
Lithium,INFINIX,Racing Black,8MP,INFINIX HOT 20 5G,Dimensity 810,50MP + AI Lens,5000,11499,16.76,4,17999,3241,4.3,271,64
Lithium Ion,SAMSUNG,Silver,8MP,SAMSUNG GALAXY A23 5G,Qualcomm Snapdragon 695 (SM6375),50MP + 5MP,5000,22999,16.76,6,28990,65,4.2,5,128
,IQOO,Ravan Black,,IQOO Z6 44W,,50MP,5000,15824,16.36,6,17999,859,4.3,66,128
,XIAOMI,Horizon Blue,,REDMI NOTE 11,,50MP,5000,11999,16.33,4,17999,396,4.2,34,64
,ONEPLUS,Black Dusk,,ONEPLUS NORD CE 2 LITE 5G,,64MP,5000,19980,16.74,6,19999,47110,4.3,3685,128
,REALME,Cross Blue,5MP,REALME C21,MediaTek Helio G35,13MP + 2MP + 2MP,5000,9499,16.51,3,9999,71737,4.4,3906,32
,REALME,Cross Black,5MP,REALME C21,MediaTek Helio G35,13MP + 2MP + 2MP,5000,10499,16.51,4,10999,147339,4.4,7086,64
,XIAOMI,Horizon Blue,,REDMI NOTE 11S,,108MP,5000,15900,16.33,6,20999,2281,4.3,176,128
,APPLE,Starlight,12MP,APPLE IPHONE 14,"A Bionic Chip,  Core",12MP + 12MP,,81999,15.49,,89900,16010,4.7,686,256
,ITEL,Multi Green,,ITEL VISION3,,8MP,5000,5899,16.76,2,7999,211,4.3,17,32
Lithium,INFINIX,Glitter Gold,60 MP with OIS,INFINIX ZERO 20,Mediatek G99,108MP + 13MP + 2MP,4500,15999,17.02,8,24999,1433,4.2,212,128
Lithium,INFINIX,DEEP GRAY,60 MP with OIS,INFINIX ZERO 20,Mediatek G99,108MP + 13MP + 2MP,4500,15999,17.02,8,24999,1433,4.2,212,128
Lithium,VIVO,Elegant Black,5MP,VIVO Y01,Mediatek Helio P35,8MP,5000,7999,16.54,2,12999,1275,4.2,81,32
Lithium,OPPO,Sunset Orange,8MP,OPPO A77S,Qualcomm Snapdragon 680,50MP + 2MP,5000,17999,16.66,8,22999,263,4.3,21,128
,IQOO,Mystic Night,,IQOO Z6 LITE 5G,,50MP,5000,13976,16.97,4,15999,54,4.1,2,64
,ONEPLUS,Black Dusk,,ONEPLUS NORD CE 2 LITE 5G,,64MP,5000,19888,16.74,6,19999,47110,4.3,3685,128
Lithium,VIVO,Mirror Black,16MP,VIVO Y33S,MediaTek Helio G80,50MP + 2MP + 2MP,5000,15999,16.71,8,21990,12159,4.3,1104,128
,XIAOMI,Meadow Green,,REDMI 11 PRIME 5G,,5MP,5000,13525,16.71,4,15999,1288,4.3,86,64
Lithium,VIVO,Agate Black,16MP,VIVO Y35,Qualcomm Snapdragon 680,50MP + 2MP + 2MP,5000,18499,16.71,8,22999,1670,4.4,119,128
,XIAOMI,Meadow Green,,REDMI 11 PRIME 5G,,5MP,5000,16990,16.71,6,17999,253,4.2,17,128
Lithium,INFINIX,Champagne Gold,8MP,INFINIX HOT 12 PLAY,Unisoc T610,13MP + Depth Lens,6000,8999,17.32,4,11999,112223,4.3,8237,64
Lithium,INFINIX,Horizon Blue,8MP,INFINIX HOT 12 PLAY,Unisoc T610,13MP + Depth Lens,6000,8999,17.32,4,11999,112223,4.3,8237,64
Lithium,INFINIX,Daylight Green,8MP,INFINIX HOT 12 PLAY,Unisoc T610,13MP + Depth Lens,6000,8999,17.32,4,11999,112223,4.3,8237,64
Lithium,VIVO,Dancing waves,44MP,VIVO Y75,Mediatek G96,50MP + 8MP + 2MP,4050,19990,16.36,8,25990,1862,4.3,146,128
Lithium Ion,NOTHING,,16MP,NOTHING PHONE,Qualcomm Snapdragon 778G+,50MP + 50MP,4500,28499,16.64,8,39999,51215,4.3,6659,
Lithium Ion,NOTHING,,16MP,NOTHING PHONE,Qualcomm Snapdragon 778G+,50MP + 50MP,4500,35999,16.64,,42999,6616,4.3,753,
Lithium Ion,NOTHING,,16MP,NOTHING PHONE,Qualcomm Snapdragon 778G+,50MP + 50MP,4500,27999,16.64,8,39999,51215,4.3,6659,
Lithium Polymer,XIAOMI,Glacier Blue,16MP,REDMI NOTE 12 PRO 5G,Mediatek Dimensity 1080,50MP (OIS) + 8MP + 2MP,5000,26999,16.94,8,29999,3694,4.3,395,128
Lithium Ion,NOTHING,,16MP,NOTHING PHONE,Qualcomm Snapdragon 778G+,50MP + 50MP,4500,26999,16.64,8,37999,51215,4.3,6659,
,APPLE,,12MP,APPLE IPHONE 14 PLUS,"A Bionic Chip,  Core",12MP + 12MP,,90999,17.02,,99900,4110,4.7,294,
,SAMSUNG,Light Blue,,SAMSUNG GALAXY M32 PRIME EDITION,,64MP,6000,12890,16.26,4,16999,244,4.3,21,64
Lithium Polymer,XIAOMI,Iceberg Blue,16MP,REDMI NOTE 12 PRO+ 5G,Mediatek Dimensity 1080,200MP + 8MP + 2MP,4980,32999,16.94,,36999,2098,4.3,242,256
,VIVO,Metal Black,16MP,VIVO Y100 5G,Mediatek Dimensity 900,64MP (OIS) + 2MP + 2MP,4500,24999,16.21,8,29999,46,4.3,4,128
,VIVO,Pacific Blue,16MP,VIVO Y100 5G,Mediatek Dimensity 900,64MP (OIS) + 2MP + 2MP,4500,24999,16.21,8,29999,46,4.3,4,128
,VIVO,Twilight Gold,16MP,VIVO Y100 5G,Mediatek Dimensity 900,64MP (OIS) + 2MP + 2MP,4500,24999,16.21,8,29999,46,4.3,4,128
Lithium,INFINIX,Miracle Black,5MP,INFINIX SMART 6 PLUS,Mediatek Helio G25,8 MP + Depth Lens,5000,8299,17.32,3,9999,11620,4.3,836,64
,XIAOMI,Horizon Blue,,REDMI NOTE 11,,50MP,5000,12263,16.33,6,18999,774,4.3,63,64
,MICROMAX,Brown,5MP,MICROMAX IN 2C,Unisoc T610,8MP,5000,5999,16.56,3,9499,3156,4.2,372,32
Lithium,INFINIX,Green Fantasy,60 MP with OIS,INFINIX ZERO 20,Mediatek G99,108MP + 13MP + 2MP,4500,15999,17.02,8,24999,1433,4.2,212,128
,XIAOMI,Frosted Green,,REDMI NOTE 12 5G,,48MP,5000,17290,16.94,4,19999,68,4.2,8,128
Lithium Polymer,XIAOMI,Onyx Black,16MP,REDMI NOTE 12 PRO 5G,Mediatek Dimensity 1080,50MP (OIS) + 8MP + 2MP,5000,26999,16.94,8,29999,3694,4.3,395,128
,XIAOMI,Power Black,,REDMI 10 POWER,,50MP,6000,12639,17.02,8,18999,715,4.1,39,128
Lithium Polymer,XIAOMI,Iceberg Blue,16MP,REDMI NOTE 12 PRO+ 5G,Mediatek Dimensity 1080,200MP + 8MP + 2MP,4980,29999,16.94,8,33999,5404,4.3,641,256
,SAMSUNG,Emarld Brown,,SAMSUNG GALAXY M33 5G,,50MP,6000,16964,16.76,6,24999,7862,4.2,640,128
,OPPO,Glowing Gold,16MP,OPPO F19S,Qualcomm Snapdragon 662,48MP + 2MP + 2MP,5000,15990,16.33,6,22990,10073,4.5,555,128
,MOTOROLA,Moonless,32MP,MOTOROLA G60,Qualcomm Snapdragon 732G,108MP + 8MP + 2MP,6000,15999,17.22,6,21999,133640,4.2,13531,128
,SAMSUNG,Deep Ocean Blue,,SAMSUNG GALAXY M33 5G,,50MP,6000,16965,16.76,6,24999,7862,4.2,640,128
,REALME,Clash White,16MP,REALME 10,Mediatek Helio G99 Octa Core,50MP + 2MP,5000,16999,16.26,8,19999,803,4.3,57,128
Lithium,VIVO,Turbo Black,16MP,VIVO T1 PRO 5G,Qualcomm Snapdragon 778G 5G Mobile Platform,64MP + 8MP + 2MP,4700,24999,16.36,8,30990,16255,4.4,1697,128
,XIAOMI,Coral Green,,REDMI 9A SPORT,,13MP,5000,7284,16.59,3,9499,6199,4.2,454,32
,XIAOMI,Coral Green,,REDMI 9A SPORT,,13MP,5000,7095,16.59,2,8499,25145,4.1,1885,32
,XIAOMI,Carbon Black,,REDMI 9A SPORT,,13MP,5000,7189,16.59,2,8499,25145,4.1,1885,32
,TECNO,Infinity Black,8MP,TECNO SPARK 9,MediaTek Helio G37,13MP,5000,9990,16.76,6,9999,773,4,44,128
Lithium,XIAOMI,Icy Blue,8MP,POCO M5,Mediatek Helio G99,50MP + 2MP Depth Sensor + 2MP Macro Sensor,5000,11499,16.71,4,15999,3191,4.3,240,64
,TECNO,Memphis Green,16MP,TECNO CAMON 19,MediaTek Helio G85,64MP + 2MP,5000,13977,17.27,6,18999,244,4.2,25,128
Lithium,INFINIX,Racing Black,8MP,INFINIX HOT 12 PLAY,Unisoc T610,13MP + Depth Lens,6000,8999,17.32,4,11999,112223,4.3,8237,64
,SAMSUNG,Light Blue,,SAMSUNG GALAXY M32 PRIME EDITION,,64MP,6000,15700,16.26,6,17999,86,4.3,10,128
Lithium,INFINIX,Coral Orange,16MP,INFINIX ZERO 5G 2023 TURBO,Mediatek Dimensity 1080,50MP + 2MP + 2MP,5000,19999,17.22,8,24999,168,3.9,33,256
,VIVO,Orchid Blue,5MP,VIVO Y02,MediaTek P22,8MP,5000,8999,16.54,3,12999,200,4.3,9,32
Lithium,INFINIX,Jewel Blue,16MP,INFINIX NOTE 12,MediaTek Helio G88,50MP + 2MP Depth + AI Lens,5000,12499,17.02,6,17999,12428,4.2,1196,128
,APPLE,Black,12MP,APPLE IPHONE 12,A Bionic Chip with Next Generation Neural Engine,12MP + 12MP,,51999,15.49,,59900,186979,4.6,12739,64
Lithium,MOTOROLA,Solar Gold,32MP,MOTOROLA EDGE 30 FUSION,Qualcomm Snapdragon 888 +,50MP + 13MP + 2MP,4400,39999,16.64,8,49999,2621,4.4,456,128
Lithium,XIAOMI,Cool Blue,16MP,POCO M4 PRO,Mediatek Helio G96,64MP + 8MP + 2MP,5000,17999,16.33,8,21999,14132,4.3,1226,128
Lithium Ion,SAMSUNG,Black,13MP,SAMSUNG GALAXY A14 5G,SEC S5E8535 (Exynos 1330),50MP + 2MP,5000,16499,16.76,4,18499,89,4.2,3,64
Lithium Ion,SAMSUNG,Denim Black,13MP,SAMSUNG GALAXY F22,MediaTek Helio G80,48MP + 8MP + 2MP + 2MP,6000,11499,16.26,4,14999,102798,4.3,9876,64
,REALME,FLASH BLUE,,REALME NARZO 50A PRIME,,50MP,5000,11500,16.76,4,13499,198,3.9,11,64
Lithium Polymer,MOTOROLA,Meteorite Grey,13MP,MOTOROLA G31,Mediatek Helio G85,50MP + 8MP + 2MP,5000,11999,16.26,6,16999,13407,4.2,1403,128
,REALME,Cool Grey,5MP,REALME C20,MediaTek Helio G35,8MP,5000,7499,16.51,2,7999,296873,4.4,14013,32
Lithium Ion,SAMSUNG,Silver,8MP,SAMSUNG GALAXY A23 5G,Qualcomm Snapdragon 695 (SM6375),50MP + 5MP,5000,24999,16.76,8,30990,48,3.9,2,128
,MOTOROLA,Pink Clay,8MP,MOTOROLA E40,UNISOC T700,48MP + 2MP + 2MP,5000,8999,16.51,4,10999,70754,4.2,6695,64
,TECNO,Polar Black,,TECNO POP 6 PRO,Unisoc SC9863A,8MP,5000,6799,16.66,2,17999,152,4.3,12,32
Lithium Ion,SAMSUNG,Onyx,5MP,SAMSUNG GALAXY A03 CORE,Octa Core,8MP,5000,6700,16.51,2,10499,2729,4,237,32
,GOOGLE,Lemongrass,10.8MP,GOOGLE PIXEL 7,Google Tensor G2,50MP + 12MP,4270,57099,16,8,59999,2703,4.4,425,128
,GOOGLE,Obsidian,10.8MP,GOOGLE PIXEL 7,Google Tensor G2,50MP + 12MP,4270,57099,16,8,59999,2703,4.4,425,128
,APPLE,,12MP,APPLE IPHONE 14 PLUS,"A Bionic Chip,  Core",12MP + 12MP,,80999,17.02,,89900,4110,4.7,294,
Lithium,XIAOMI,Icy Blue,8MP,POCO M5,Mediatek Helio G99,50MP + 2MP Depth Sensor + 2MP Macro Sensor,5000,12999,16.71,6,18999,1565,4.3,103,128
Lithium Ion,REALME,Sunrise Blue,16MP,REALME 9 PRO 5G,Qualcomm Snapdragon 695,64MP + 8MP + 2MP,5000,18999,16.76,6,21999,81684,4.4,6856,128
,APPLE,Red,12MP,APPLE IPHONE 11,A Bionic Chip,12MP + 12MP,,47999,15.49,,48900,184191,4.6,10818,128
Lithium Ion,REALME,Metallica Gold,8MP,REALME 9I 5G,Mediatek Dimensity 810 5G,50MP + 2MP + 2MP,5000,16999,16.76,6,19999,5416,4.3,392,128
,IQOO,,,IQOO Z6 LITE 5G,,50MP,5000,16390,16.97,6,17999,645,4.1,52,
,TECNO,Ice Blue,5MP,TECNO POP 5 LTE,Unisoc SC9863A,8MP,5000,6464,16.56,2,6599,758,4.2,44,32
,APPLE,Purple,12MP,APPLE IPHONE 12,A Bionic Chip with Next Generation Neural Engine,12MP + 12MP,,51999,15.49,,59900,186979,4.6,12739,64
Lithium,MOTOROLA,Aurora Green,32MP,MOTOROLA EDGE 30,Qualcomm Snapdragon 778G Plus,50MP + 50MP + 2MP,4020,24999,16.64,8,34999,4457,4.1,640,128
Lithium Ion,SAMSUNG,Orange,8MP,SAMSUNG GALAXY A23 5G,Qualcomm Snapdragon 695 (SM6375),50MP + 5MP,5000,22999,16.76,6,28990,65,4.2,5,128
,VIVO,Starry Gold,16MP,VIVO Y33T,,50MP + 2MP + 2MP,5000,16790,16.71,8,22990,2576,4.4,182,128
,REALME,Mint Green,5MP,REALME NARZO 50I,SC9863A,8MP,5000,6870,16.51,2,7999,122289,4.5,4876,32
Lithium Polymer,NOKIA,Grey,8MP + 2MP Dual,NOKIA G11 PLUS,Octa Core,50MP + 2MP,5000,9499,16.55,4,13999,6,4,1,64
Lithium,XIAOMI,Power Black,8MP,POCO M5,Mediatek Helio G99,50MP + 2MP Depth Sensor + 2MP Macro Sensor,5000,12999,16.71,6,18999,1565,4.3,103,128
,XIAOMI,Coral Green,,REDMI 9 ACTIV,,13MP,5000,9094,16.59,4,10999,9732,4.2,676,64
,VIVO,Orange Shimmer,16MP,VIVO Y56 5G,Mediatek Dimensity 700,50MP + 2MP,5000,19999,16.71,8,24999,3,4.7,1,128
,VIVO,Black Engine,16MP,VIVO Y56 5G,Mediatek Dimensity 700,50MP + 2MP,5000,19999,16.71,8,24999,3,4.7,1,128
,OPPO,Starlight Black,16MP + 2MP Dual,OPPO F21S PRO 5G,Qualcomm SM6225 Snapdragon 680 4G (6 nm),64MP + 2MP + 2MP,4500,25490,16.33,8,31999,359,4.2,27,128
Lithium Ion,REALME,Sunburst Gold,16MP,REALME 9,Qualcomm Snapdragon 680,108MP + 8MP + 2MP,5000,16999,16.26,6,20999,61332,4.4,4451,128
Lithium Ion,REALME,Sunburst Gold,16MP,REALME 9,Qualcomm Snapdragon 680,108MP + 8MP + 2MP,5000,17999,16.26,8,22999,24775,4.4,1876,128
Lithium Ion,REALME,Meteor Black,16MP,REALME 9,Qualcomm Snapdragon 680,108MP + 8MP + 2MP,5000,16999,16.26,6,20999,61332,4.4,4451,128
,APPLE,Purple,12MP,APPLE IPHONE 14 PLUS,"A Bionic Chip,  Core",12MP + 12MP,,90999,17.02,,99900,4110,4.7,294,256
,APPLE,Starlight,12MP,APPLE IPHONE 14 PLUS,"A Bionic Chip,  Core",12MP + 12MP,,90999,17.02,,99900,4110,4.7,294,256
,IQOO,Dark Nova,16MP + 16MP Dual,IQOO NEO 6 5G,,64MP + 64MP + 8MP + 2MP,4700,30300,16.81,8,34999,1010,4.4,125,128
Lithium,VIVO,Metaverse Green,8MP,VIVO Y22,Mediatek Helio G70,50MP + 2MP,5000,14499,16.64,4,17990,684,4.3,45,64
Lithium,VIVO,Metaverse Green,8MP,VIVO Y22,Mediatek Helio G70,50MP + 2MP,5000,16499,16.64,6,19990,645,4.3,35,128
,REALME,Cool Blue,5MP,REALME C20,MediaTek Helio G35,8MP,5000,7499,16.51,2,7999,296873,4.4,14013,32
,XIAOMI,Stealth Black,,REDMI K50I 5G,,64MP,5080,23290,16.76,6,31999,1043,4.2,138,128
Lithium Polymer,XIAOMI,Obsidian Black,16MP,REDMI NOTE 12 PRO+ 5G,Mediatek Dimensity 1080,200MP + 8MP + 2MP,4980,29999,16.94,8,33999,5404,4.3,641,256
,MOTOROLA,Dynamic Gray,16MP,MOTOROLA G40 FUSION,Qualcomm Snapdragon 732G,64MP + 8MP + 2MP,6000,14499,17.22,4,16999,32941,4.2,3704,64
Lithium,VIVO,Diamond Glow,8MP,VIVO Y21,Mediatek Helio P35,13MP + 2MP,5000,12628,16.54,4,17990,14580,4.3,1090,64
,SAMSUNG,Light Blue,,SAMSUNG GALAXY M32 PRIME EDITION,,64MP,6000,11570,16.26,4,17999,244,4.3,21,64
Lithium Ion,REALME,Soulful Blue,8MP,REALME 9I 5G,Mediatek Dimensity 810 5G,50MP + 2MP + 2MP,5000,16999,16.76,6,19999,5416,4.3,392,128
Lithium,INFINIX,Crystal Violet,5MP,INFINIX SMART 6 PLUS,Mediatek Helio G25,8 MP + Depth Lens,5000,8299,17.32,3,9999,11620,4.3,836,64
Lithium Ion,REALME,Meteor Black,16MP,REALME 9,Qualcomm Snapdragon 680,108MP + 8MP + 2MP,5000,17999,16.26,8,22999,24775,4.4,1876,128
,TECNO,Deepsea Luster,5MP,TECNO POP 5 LTE,Unisoc SC9863A,8MP,5000,7299,16.56,2,17999,758,4.2,44,32
Lithium,XIAOMI,Matte Black,5MP,POCO C3,Mediatek Helio G35,13MP + 2MP + 2MP,5000,9999,16.59,3,17999,398759,4.3,26507,32
,IQOO,,,IQOO Z6 LITE 5G,,50MP,5000,14180,16.97,4,15999,331,4.2,23,
Lithium Ion,SAMSUNG,Dark Red,13MP,SAMSUNG GALAXY A14 5G,SEC S5E8535 (Exynos 1330),50MP + 2MP,5000,18999,16.76,6,20999,135,4,13,128
,TECNO,Eco Black,16MP,TECNO CAMON 19,MediaTek Helio G85,64MP + 2MP,5000,13999,17.27,6,15999,244,4.2,25,128
,REALME,Carbon Black,5MP,REALME NARZO 50I,SC9863A,8MP,5000,6880,16.51,2,7500,122289,4.5,4876,32
Lithium,VIVO,Turbo Cyan,16MP,VIVO T1 PRO 5G,Qualcomm Snapdragon 778G 5G Mobile Platform,64MP + 8MP + 2MP,4700,23999,16.36,6,28990,7982,4.4,764,128
Lithium Polymer,ITEL,Multi Green,5MP,ITEL VISION 3,Unisoc 9863A,8MP,5000,6933,16.76,3,8999,503,4,53,64
Lithium Polymer,ITEL,Deep Ocean Black,5MP,ITEL VISION 3,Unisoc 9863A,8MP,5000,6777,16.76,3,17999,503,4,53,64
Lithium Ion,REALME,Midnight Black,16MP,REALME 9 PRO 5G,Qualcomm Snapdragon 695,64MP + 8MP + 2MP,5000,18999,16.76,6,21999,81684,4.4,6856,128
,APPLE,Blue,12MP,APPLE IPHONE 14 PLUS,"A Bionic Chip,  Core",12MP + 12MP,,90999,17.02,,99900,4110,4.7,294,256
Lithium Ion,SAMSUNG,Lavender,12MP,SAMSUNG GALAXY S23 5G,Qualcomm Snapdragon 8 Gen 2,50MP + 10MP + 12MP,3900,79999,15.49,8,95999,51,4.7,7,256
Lithium Ion,REALME,Midnight Black,16MP,REALME 9 PRO 5G,Qualcomm Snapdragon 695,64MP + 8MP + 2MP,5000,20999,16.76,8,23999,14450,4.3,1165,128
Lithium Ion,REALME,Aurora Green,16MP,REALME 9 PRO 5G,Qualcomm Snapdragon 695,64MP + 8MP + 2MP,5000,18999,16.76,6,21999,81684,4.4,6856,128
Lithium,INFINIX,Silver Wave,8MP,INFINIX HOT 11,MediaTek Helio G70,13MP + Depth Lens,5200,9999,16.76,4,11999,16145,4.3,1380,64
Lithium,XIAOMI,Night Black,20MP,POCO F4 5G,Qualcomm Snapdragon 870,64MP + 8MP + 2MP,4500,25999,16.94,6,32999,12034,4.3,1723,128
,XIAOMI,Starburst White,,REDMI NOTE 11,,50MP,5000,14699,16.33,6,19999,774,4.3,63,128
,APPLE,Blue,12MP,APPLE IPHONE 13,A Bionic Chip,12MP + 12MP,,71999,15.49,,79900,190651,4.7,10468,256
Lithium Polymer,XIAOMI,Arctic White,16MP,REDMI NOTE 12 PRO+ 5G,Mediatek Dimensity 1080,200MP + 8MP + 2MP,4980,32999,16.94,,36999,2098,4.3,242,256
,SAMSUNG,Stardust Brown,,SAMSUNG GALAXY M13,,50MP,6000,11244,16.76,4,14999,2494,4.2,164,64
Lithium Polymer,XIAOMI,Stardust Purple,16MP,REDMI NOTE 12 PRO 5G,Mediatek Dimensity 1080,50MP (OIS) + 8MP + 2MP,5000,26999,16.94,8,29999,3694,4.3,395,128
Lithium,VIVO,Midnight Blue,8MP,VIVO Y21T,Qualcomm Snapdragon 680,50MP + 2MP + 2MP,5000,15499,16.71,4,19990,1559,4.3,107,128
Lithium Ion,REALME,Stargaze White,16MP,REALME 9,Qualcomm Snapdragon 680,108MP + 8MP + 2MP,5000,17999,16.26,8,22999,24775,4.4,1876,128
Lithium Polymer,XIAOMI,Mint Green,8MP,REDMI NOTE 10T 5G,Mediatek Dimensity 700,48MP Primary Camera + 2MP Macro Lens + 2MP Depth Sensor,5000,14999,16.66,6,18999,31669,4.2,2424,128
,XIAOMI,Carbon Black,,REDMI 9 ACTIV,,13MP,5000,8999,16.59,4,10999,9732,4.2,676,64
,IQOO,Lumina Blue,16MP + 16MP Dual,IQOO Z6 44W,,50MP + 50MP + 2MP + 2MP,5000,14535,16.36,4,19999,1071,4.2,85,128
Lithium Ion,SAMSUNG,Cream,10MP,SAMSUNG GALAXY Z FLIP3 5G,Qualcomm Snapdragon 888 Octa-Core,12MP + 12MP,3300,69999,17.02,8,95999,1876,4.4,144,128
Lithium Polymer,MOTOROLA,Indigo Blue,13MP,MOTOROLA G51 5G,Qualcomm Snapdragon 480 Pro,50MP + 8MP + 2MP,5000,12999,17.27,4,17999,17217,4.1,2113,64
Lithium Ion,OPPO,Glowing Black,8MP,OPPO A76,Qualcomm Snapdragon 680,13MP + 2MP,5000,16490,16.66,6,21499,360,4.3,27,128
Lithium,XIAOMI,Night Black,20MP,POCO F4 5G,Qualcomm Snapdragon 870,64MP + 8MP + 2MP,4500,29999,16.94,,39999,2808,4.3,406,256
Lithium,XIAOMI,Yellow,16MP,POCO X4 PRO 5G,Qualcomm Snapdragon 695 5G,64MP + 8MP + 2MP,5000,15499,16.94,6,22999,73220,4.2,7392,64
,REALME,Cross Black,5MP,REALME C21,MediaTek Helio G35,13MP + 2MP + 2MP,5000,9499,16.51,3,9999,71737,4.4,3906,32
Lithium Polymer,XIAOMI,Obsidian Black,16MP,REDMI NOTE 12 PRO+ 5G,Mediatek Dimensity 1080,200MP + 8MP + 2MP,4980,32999,16.94,,36999,2098,4.3,242,256
,APPLE,Starlight,12MP,APPLE IPHONE 13,A Bionic Chip,12MP + 12MP,,71999,15.49,,79900,190651,4.7,10468,256
,REALME,Hyper Black,,REALME NARZO 50 PRO 5G,Dimensity 920 5G,48MP,5000,21890,16.26,6,25999,62,4.2,9,128
Lithium,VIVO,Midday Dream,16MP,VIVO Y33S,MediaTek Helio G80,50MP + 2MP + 2MP,5000,18990,16.71,8,21990,12159,4.3,1104,128
,XIAOMI,Vinyl Black,20MP,XIAOMI 11LITE NE,Qualcomm Snapdragon 778G,64MP + 8MP + 5MP,4250,24999,16.64,8,33999,1616,4.2,168,128
,ITEL,Ocean Blue,,ITEL A23S,,2MP,3020,4699,12.7,2,4899,92,3.5,6,32
Lithium,XIAOMI,Power Black,16MP,POCO M4 PRO 5G,Mediatek Dimensity 810,50MP + 8MP,5000,16999,16.76,6,19999,47939,4.2,4182,128
Lithium,INFINIX,Polar Black,8MP,INFINIX HOT 11S,Mediatek Helio G88,50 MP + 2 MP + AI Lens,5000,11999,17.22,4,14999,49358,4.3,5250,128
Lithium,INFINIX,Silver Wave,8MP,INFINIX HOT 11S,Mediatek Helio G88,50 MP + 2 MP + AI Lens,5000,11999,17.22,4,14999,49358,4.3,5250,128
Lithium Polymer,XIAOMI,Blue,5MP,REDMI GO,Qualcomm Snapdragon 425,8MP,3000,5999,12.7,1,17999,167688,4.3,13179,16
Lithium Ion,SAMSUNG,Awesome Black,32MP,SAMSUNG GALAXY A52,Qualcomm Snapdragon 720G,64MP + 12MP + 5MP + 5MP,4500,25490,16.51,6,17999,2150,4.3,261,128
,XIAOMI,Scarlet Red,,REDMI NOTE 9,MediaTek Helio G85,48MP,5020,13499,16.59,4,16499,123832,4.3,9424,128
,APPLE,Red,12MP,APPLE IPHONE 11,A Bionic Chip,12MP + 12MP,,41999,15.49,,43900,184191,4.6,10818,64
Lithium Polymer,XIAOMI,Matte Blue,5MP,REDMI 7A,Qualcomm Snapdragon 439,12MP,4000,6999,13.84,2,17999,388968,4.3,28128,32
Lithium Ion,REALME,Paper Green,16MP,REALME GT 2,Qualcomm Snapdragon 888,50MP + 8MP + 2MP,5000,34999,16.81,8,39999,5990,4.3,785,128
Lithium Ion,REALME,Steel Black,16MP,REALME GT 2,Qualcomm Snapdragon 888,50MP + 8MP + 2MP,5000,34999,16.81,8,39999,5990,4.3,785,128
Lithium Ion,OPPO,Glowing Blue,8MP,OPPO A76,Qualcomm Snapdragon 680,13MP + 2MP,5000,16490,16.66,6,21499,360,4.3,27,128
Lithium Ion,SAMSUNG,Green,10MP,SAMSUNG GALAXY S22 5G,Octa Core,50MP + 12MP + 10MP,3700,52149,15.49,8,85999,110,4.3,16,128
,OPPO,Blue,5MP,OPPO A12,MediaTek Helio P35,13MP + 2MP,4230,9990,15.8,3,10990,75143,4.4,4514,32
,SAMSUNG,Black,,SAMSUNG GALAXY M32 PRIME EDITION,,64MP,6000,12899,16.26,4,16999,244,4.3,21,64
Lithium,OPPO,Starry Black,16MP,OPPO A55,MediaTek Helio G35,50MP + 2MP + 2MP,5000,13499,16.54,4,18990,748,4.3,65,64
Lithium,OPPO,Starry Black,16MP,OPPO A55,MediaTek Helio G35,50MP + 2MP + 2MP,5000,15199,16.54,6,20990,419,4.1,23,128
Lithium Ion,SAMSUNG,Black,8MP,SAMSUNG GALAXY A13,Exynos Octa Core,50MP + 5MP + 2MP + 2MP,5000,17499,16.76,6,20990,329,4.1,20,128
,REALME,Space Black,16MP,REALME 8I,MediaTek Helio G96,50MP + 2MP + 2MP,5000,15999,16.76,6,17999,70085,4.4,4884,128
,REALME,Space Purple,16MP,REALME 8I,MediaTek Helio G96,50MP + 2MP + 2MP,5000,13999,16.76,4,15999,172736,4.5,10847,64
,APPLE,Midnight,12MP,APPLE IPHONE 13,A Bionic Chip,12MP + 12MP,,87999,15.49,,99900,190651,4.7,10468,512
,APPLE,Blue,12MP,APPLE IPHONE 12,A Bionic Chip with Next Generation Neural Engine,12MP + 12MP,,51999,15.49,,59900,186979,4.6,12739,64
,XIAOMI,Stealth Black,,REDMI NOTE 11 PRO PLUS 5G,,108MP,5000,21900,16.94,6,24999,5903,4.2,493,128
,OPPO,Rainbow Silver,,OPPO A15S,,13MP,4230,12910,16.56,4,13990,5645,4.3,306,64
Lithium Polymer,XIAOMI,Tuscany Coral,16MP,MI 11 LITE,Qualcomm Snapdragon 732G,64MP + 8MP + 5MP,4250,20990,16.64,8,25999,6022,4.2,611,128
Lithium,VIVO,Sunshine Gold,44MP,VIVO V23E 5G,Mediatek Dimensity 810,50MP + 8MP + 2MP,4050,24999,16.36,8,28990,2141,4.2,189,128
,TECNO,Atlantic Blue,8MP,TECNO SPARK 8,MediaTek Helio G25,16MP,5000,9449,16.66,4,13499,919,4.1,62,64
Lithium Ion,SAMSUNG,Light Blue,8MP,SAMSUNG GALAXY A23 5G,Qualcomm Snapdragon 695 (SM6375),50MP + 5MP,5000,22999,16.76,6,28990,65,4.2,5,128
Lithium Ion,SAMSUNG,Awesome White,32MP,SAMSUNG GALAXY A73 5G,Qualcomm Snapdragon 778G,108MP + 12MP + 5MP + 5MP,5000,41999,17.02,8,47490,1392,4.2,184,128
,MOTOROLA,Frosted Champagne,16MP,MOTOROLA G40 FUSION,Qualcomm Snapdragon 732G,64MP + 8MP + 2MP,6000,16499,17.22,6,19999,56396,4.2,6064,128
Lithium,XIAOMI,Yellow,8MP,POCO M5,Mediatek Helio G99,50MP + 2MP Depth Sensor + 2MP Macro Sensor,5000,12999,16.71,6,18999,1565,4.3,103,128
Lithium,MOTOROLA,Cosmic grey,32MP,MOTOROLA EDGE 30 FUSION,Qualcomm Snapdragon 888 +,50MP + 13MP + 2MP,4400,39999,16.64,8,49999,2621,4.4,456,128
Lithium Ion,SAMSUNG,Dark Red,13MP,SAMSUNG GALAXY A14 5G,SEC S5E8535 (Exynos 1330),50MP + 2MP,5000,20999,16.76,8,22999,93,4,11,128
Lithium Ion,SAMSUNG,Light Blue,5MP,SAMSUNG GALAXY A04E,Mediatek Helio P35,13MP + 2MP,5000,9999,16.51,3,11999,14,4.4,2,64
Lithium Ion,VIVO,Dusk Blue,44MP,VIVO V21 5G,MediaTek Dimensity 800U,64MP + 8MP + 2MP,4000,23990,16.36,8,32990,17150,4.3,1704,128
,IQOO,Raven Black,16MP,IQOO Z6 44W,,50MP,5000,14394,16.36,4,19999,1071,4.2,85,128
,VIVO,Deep Sea Blue,16MP,VIVO Y53S,MediaTek Helio G80,64MP + 2MP + 2MP,5000,15490,16.71,8,22990,18983,4.3,1615,128
,OPPO,Dawnlight Gold,32MP + 2MP Dual,OPPO F21S PRO,Qualcomm SM6225 Snapdragon 680 4G (6 nm),64MP + 2MP + 2MP,4500,21890,16.33,8,21990,245,4.2,16,128
Lithium Polymer,ITEL,Multi Green,5MP,ITEL VISION 3,Unisoc 9863A,8MP,5000,6911,16.76,3,17999,503,4,53,64
,REALME,Hyper Blue,,REALME NARZO 50 5G,,48MP,5000,15990,16.76,4,17990,31,4.3,2,128
Lithium Polymer,REALME,Supersonic Black,16MP,REALME 9 5G,Mediatek Dimensity 810,48MP + 2MP + 2MP,5000,15999,16.51,4,18999,38692,4.5,2191,64
Lithium Polymer,REALME,Stargaze White,16MP,REALME 9 5G,Mediatek Dimensity 810,48MP + 2MP + 2MP,5000,17499,16.51,6,20999,48229,4.4,3121,128
,ITEL,Sky Cyan,,ITEL A23S,,2MP,3020,4699,12.7,2,4899,92,3.5,6,32
Lithium Polymer,REALME,Meteor Black,16MP,REALME 9 5G,Mediatek Dimensity 810,48MP + 2MP + 2MP,5000,15999,16.51,4,18999,38692,4.5,2191,64
Lithium Ion,SAMSUNG,Awesome Peach,32MP,SAMSUNG GALAXY A53,Exynos Octa Core,64MP + 12MP + 5MP + 5MP,5000,33499,16.51,8,39990,1369,4.2,152,128
,REALME,Cyber Silver,16MP,REALME 8,MediaTek Helio G95,64MP + 8MP + 2MP + 2MP,5000,17999,16.26,8,18999,95767,4.4,8396,128
,REALME,Cyber Black,16MP,REALME 8,MediaTek Helio G95,64MP + 8MP + 2MP + 2MP,5000,16999,16.26,6,17999,121725,4.4,9954,128
,REALME,Cross Black,5MP,REALME C21Y,Unisoc T610,13MP + 2MP + 2MP,5000,9499,16.51,3,9999,90474,4.6,3087,32
,REALME,Cross Blue,5MP,REALME C21Y,Unisoc T610,13MP + 2MP + 2MP,5000,9499,16.51,3,9999,90474,4.6,3087,32
,ITEL,Deep Ocean Black,,ITEL VISION3,,8MP,5000,5850,16.76,2,7999,211,4.3,17,32
Lithium Ion,SAMSUNG,Peach,8MP,SAMSUNG GALAXY A23,Octa-core(EXYNOS),50MP,5000,18499,16.76,6,23990,831,4.2,58,128
Lithium,INFINIX,Midnight Black,8MP,INFINIX SMART 5A,MediaTek Helio A20,8MP + Depth Sensor,5000,7199,16.56,2,7999,78844,4.3,5387,32
Lithium Polymer,NOKIA,Blue,2MP,NOKIA C01 PLUS,Unisoc SC9863A,5MP,3000,5699,13.84,2,7999,4349,3.8,376,32
Lithium Ion,SAMSUNG,Awesome Blue,32MP,SAMSUNG GALAXY A52,Qualcomm Snapdragon 720G,64MP + 12MP + 5MP + 5MP,4500,25990,16.51,6,17999,2150,4.3,261,128
,SAMSUNG,Mystique Green,,SAMSUNG GALAXY M33 5G,,50MP,6000,18757,16.76,8,25999,1070,4.3,77,128
Lithium Polymer,REALME,Metal Grey,8MP,REALME C25_Y,Unisoc T618,50MP + 2MP + 2MP,5000,10999,16.51,4,12999,46866,4.5,2234,64
Lithium Ion,REALME,Sunrise Blue,16MP,REALME 9 PRO 5G,Qualcomm Snapdragon 695,64MP + 8MP + 2MP,5000,20999,16.76,8,23999,14450,4.3,1165,128
Lithium Ion,SAMSUNG,Denim Blue,13MP,SAMSUNG GALAXY F22,MediaTek Helio G80,48MP + 8MP + 2MP + 2MP,6000,13499,16.26,6,16999,65488,4.3,6019,128
,ONEPLUS,Sierra Black,,ONEPLUS 10R 5G,,50MP,5000,39999,17.02,,42999,1070,4.2,78,256
Lithium Polymer,ITEL,Crystal Purple,5MP,ITEL A49,Quad Core,5MP,4000,5699,16.76,2,5799,587,4.2,31,32
Lithium Polymer,ITEL,Sky Cyan,5MP,ITEL A49,Quad Core,5MP,4000,5699,16.76,2,6799,587,4.2,31,32
,TECNO,Tech Silver,8MP,TECNO POVA 3,MediaTek Helio G88,50MP + 2MP + 2MP,7000,10890,17.53,4,14999,471,4.3,26,64
,APPLE,,12MP,APPLE IPHONE 14,"A Bionic Chip,  Core",12MP + 12MP,,81999,15.49,,89900,16010,4.7,686,
Lithium Ion,SAMSUNG,Black,13MP,SAMSUNG GALAXY A14 5G,SEC S5E8535 (Exynos 1330),50MP + 2MP,5000,20999,16.76,8,22999,93,4,11,128
Lithium Polymer,XIAOMI,Bifrost Blue,13MP,REDMI NOTE 11 SE,Mediatek Helio G95 Octa Core,64MP + 8MP + 2MP + 2MP,5000,11999,16.33,6,16999,39454,4.3,2459,64
,XIAOMI,Stardust White,,REDMI NOTE 11T 5G,,50MP,5000,17990,16.76,6,17999,5747,4.2,452,128
,IQOO,Legion Sky,16MP,IQOO Z6 PRO 5G,,64MP,4700,23800,16.36,6,27990,300,4.3,21,128
,XIAOMI,Aquamarine Blue,,REDMI NOTE 11T 5G,,50MP,5000,18700,16.76,8,22999,3061,4.2,256,128
,IQOO,Phantom Dusk,16MP,IQOO Z6 PRO 5G,Snapdragon® 778G,64MP,4700,24599,16.36,6,17999,300,4.3,21,128
Lithium Polymer,REALME,Starry Glow,16MP,REALME 9 5G SE,Qualcomm Snapdragon 778G,48MP + 2MP + 2MP,5000,22999,16.76,8,26999,2488,4.3,231,128
Lithium Polymer,REALME,Azure Glow,16MP,REALME 9 5G SE,Qualcomm Snapdragon 778G,48MP + 2MP + 2MP,5000,19999,16.76,6,24999,26850,4.4,2216,128
Lithium,INFINIX,Silver Wave,8MP,INFINIX HOT 11S,Mediatek Helio G88,50 MP + 2 MP + AI Lens,5000,10999,17.22,4,13999,49358,4.3,5250,64
,TECNO,Diamond Grey,8MP,TECNO SPARK 8C,Unisoc T606,13MP,5000,8888,16.76,4,9190,103,4.2,10,64
Lithium Ion,REALME,Steel Black,16MP,REALME GT 2,Qualcomm Snapdragon 888,50MP + 8MP + 2MP,5000,38999,16.81,,44999,1226,4.3,161,256
,APPLE,Space Black,12MP,APPLE IPHONE 14 PRO,"A Bionic Chip,  Core",48MP + 12MP + 12MP + 12MP,,152999,15.49,,159900,756,4.7,63,512
,TECNO,Diamond Grey,,TECNO SPARK 8C,,13MP,5000,7899,16.76,3,8498,454,4.2,35,64
Lithium Ion,SAMSUNG,Matte Aqua,8MP,SAMSUNG GALAXY F42 5G,MediaTek Dimensity 700,64MP + 5MP + 2MP,5000,20999,16.76,6,23999,10434,4.1,998,128
,OPPO,Flowing Silver,5MP,OPPO A12,MediaTek Helio P35,13MP + 2MP,4230,10990,15.8,4,11990,67536,4.4,3116,64
Lithium Ion,SAMSUNG,Awesome Black,32MP,SAMSUNG GALAXY A53,Exynos Octa Core,64MP + 12MP + 5MP + 5MP,5000,33499,16.51,8,39990,1369,4.2,152,128
Lithium Ion,SAMSUNG,Phantom Black,10MP,SAMSUNG GALAXY S22 5G,Octa Core,50MP + 12MP + 10MP,3700,52499,15.49,8,85666,110,4.3,16,128
,OPPO,Fancy White,,OPPO A15S,,13MP,4230,11990,16.56,4,13990,5645,4.3,306,64
Lithium Ion,SAMSUNG,Black,8MP,SAMSUNG GALAXY A23,Octa-core(EXYNOS),50MP,5000,19999,16.76,8,25490,478,4.3,35,128
,I KALL,Blue,5MP,I KALL Z5,,8MP,3000,4699,13.84,3,17999,1734,3,129,16
,MOTOROLA,Dynamic Gray,32MP,MOTOROLA G60,Qualcomm Snapdragon 732G,108MP + 8MP + 2MP,6000,15999,17.27,6,21999,133640,4.2,13531,128
Lithium Ion,SAMSUNG,Blue,8MP,SAMSUNG GALAXY A13,Exynos Octa Core,50MP + 5MP + 2MP + 2MP,5000,14999,16.76,4,18490,738,4.1,49,64
,REALME,Carbon Black,5MP,REALME NARZO 50I,SC9863A,8MP,5000,8999,16.51,4,9999,62267,4.3,3499,64
Lithium Polymer,XIAOMI,Black,5MP,REDMI A1+,Mediatek Helio A22,8MP,5000,8499,16.56,3,10999,368,3.9,25,32
Lithium,XIAOMI,Predator Black,16MP,POCO F3 GT 5G,MediaTek Dimensity 1200,64MP + 8MP + 2MP,5065,32999,16.94,6,17999,4709,4.3,762,128
Lithium,MOTOROLA,Starlight White,60MP,MOTOROLA EDGE 30 ULTRA,Qualcomm Snapdragon 8+ Gen 1,200MP + 50MP + 12MP,4610,54999,16.94,8,69999,1112,4.4,213,128
,APPLE,Midnight,12MP,APPLE IPHONE 14 PLUS,"A Bionic Chip,  Core",12MP + 12MP,,110999,17.02,,119900,4110,4.7,294,512
Lithium,OPPO,Sky Blue,8MP,OPPO A77,Mediatek Helio G35,50MP + 2MP,5000,15499,16.66,4,18999,345,4.3,18,64
Lithium Ion,SAMSUNG,Copper,5MP,SAMSUNG GALAXY A04E,Mediatek Helio P35,13MP + 2MP,5000,9999,16.51,3,11999,14,4.4,2,64
,APPLE,Gold,12MP,APPLE IPHONE 14 PRO,"A Bionic Chip,  Core",48MP + 12MP + 12MP + 12MP,,122999,15.49,,129900,756,4.7,63,128
Lithium Ion,SAMSUNG,Blue,5MP,SAMSUNG GALAXY A03 CORE,Octa Core,8MP,5000,7999,16.51,2,10499,2729,4,237,32
Lithium Ion,NOKIA,Grey,2MP,NOKIA C01 PLUS,Unisoc SC9863A,5MP,3000,5199,13.84,2,6999,4349,3.8,376,16
Lithium,ITEL,Gradation Blue,5MP,ITEL VISION1,Unisoc SC9863A Octa Core,8MP + 0.3MP,4000,6999,15.46,3,8299,25705,4.1,2164,32
Lithium Ion,REALME,,16MP,REALME GT NEO 3,Mediatek Dimensity 8100,50MP + 8MP + 2MP,4500,42999,17.02,,45999,21,4.3,3,
Lithium Ion,SAMSUNG,Light Blue,5MP,SAMSUNG GALAXY A04E,Mediatek Helio P35,13MP + 2MP,5000,11499,16.51,4,14999,12,4.3,0,128
,REALME,Racing Blue,16MP,REALME NARZO 30,MediaTek Helio G95,48MP + 2MP + 2MP,5000,15499,16.51,6,16999,76491,4.3,6058,128
Lithium Polymer,XIAOMI,Carbon Black,5MP,REDMI 9 ACTIV,Mediatek Helio G35,13MP + 2MP,5000,9149,16.59,4,10999,9732,4.2,676,64
Lithium Polymer,REALME,Starry Glow,16MP,REALME 9 5G SE,Qualcomm Snapdragon 778G,48MP + 2MP + 2MP,5000,19999,16.76,6,24999,26850,4.4,2216,128
Lithium Polymer,LAVA,Glass Orange,8MP,LAVA BLAZE PRO,Mediatek G37 Octa Core,50MP,5000,10260,16.51,4,12999,228,4.4,58,64
,TECNO,Iris Purple,,TECNO SPARK GO 2022,,13MP,5000,6990,16.56,2,17999,818,4.3,57,32
,TECNO,Atlantic Blue,,TECNO SPARK GO 2022,Helio A20,13MP,5000,6865,16.66,2,17999,818,4.3,57,32
Lithium Polymer,XIAOMI,Sea Blue,5MP,REDMI 9I,MediaTek Helio G25,13MP,5000,7499,16.59,4,9999,577272,4.3,33908,64
Lithium Ion,SAMSUNG,Light Green,13MP,SAMSUNG GALAXY A14 5G,SEC S5E8535 (Exynos 1330),50MP + 2MP,5000,20999,16.76,8,22999,93,4,11,128
,SAMSUNG,Bronze,5MP,SAMSUNG GALAXY A03 CORE,,8MP,5000,6569,16.51,2,10499,2729,4,237,32
,TECNO,Sky Mirror,8MP,TECNO SPARK 9,MediaTek Helio G37,13MP,5000,8749,16.76,4,11499,440,4.2,26,64
,REALME,Cross Blue,5MP,REALME C21Y,Unisoc T610,13MP + 2MP + 2MP,5000,10499,16.51,4,10999,254314,4.5,9538,64
,IQOO,Cyber Rage,,IQOO NEO 6 5G,,64MP,4700,29990,16.81,8,34990,1010,4.4,125,128
,APPLE,Gold,12MP,APPLE IPHONE 14 PRO MAX,"A Bionic Chip,  Core",48MP + 12MP + 12MP + 12MP,,127999,17.02,,139900,769,4.7,65,128
Lithium Ion,SAMSUNG,Denim Blue,13MP,SAMSUNG GALAXY F22,MediaTek Helio G80,48MP + 8MP + 2MP + 2MP,6000,11499,16.26,4,14999,102798,4.3,9876,64
,REALME,Cyber Silver,16MP,REALME 8,MediaTek Helio G95,64MP + 8MP + 2MP + 2MP,5000,16999,16.26,6,17999,121725,4.4,9954,128
Lithium Polymer,XIAOMI,Light Blue,5MP,REDMI A1+,Mediatek Helio A22,8MP,5000,7499,16.56,2,9999,656,4.1,46,32
,ITEL,Deep Gray,,ITEL A27,,2MP,4000,5299,13.84,2,17999,807,4,55,32
Lithium Polymer,XIAOMI,Deep Sea Blue,13MP,REDMI NOTE 10S,Mediatek Helio G95,64MP + 8MP + 2MP + 2MP,5000,16499,16.33,8,20999,7397,4.2,681,128
,OPPO,Crystal Black,8MP,OPPO A16,MediaTek Helio G35,13MP,5000,12990,16.56,4,15990,3846,4.3,275,64
Lithium Polymer,LAVA,Stroked Blue,8MP,LAVA Z2 MAX,MediaTek Helio Quad Core,13MP + 2MP,6000,7799,17.78,2,8449,301,4.1,55,32
,REALME,Hyper Blue,,REALME NARZO 50 5G,,48MP,5000,14535,16.76,,17999,31,4.3,2,64
,APPLE,Deep Purple,12MP,APPLE IPHONE 14 PRO,"A Bionic Chip,  Core",48MP + 12MP + 12MP + 12MP,,122999,15.49,,129900,756,4.7,63,128
Lithium Ion,SAMSUNG,Peach,8MP,SAMSUNG GALAXY A13,Exynos Octa Core,50MP + 5MP + 2MP + 2MP,5000,14999,16.76,4,18490,738,4.1,49,64
,XIAOMI,Stealth Black,,REDMI NOTE 11 PRO PLUS 5G,,108MP,5000,20995,16.94,6,24999,5903,4.2,493,128
,VIVO,Midnight Blue,8MP + 8MP Dual,VIVO Y21A,Mediatek Helio P22,13MP + 2MP,5000,13489,16.54,4,17990,1867,4.3,140,64
Lithium Polymer,XIAOMI,Frost White,13MP,REDMI NOTE 10S,Mediatek Helio G95,64MP + 8MP + 2MP + 2MP,5000,16499,16.33,8,20999,7397,4.2,681,128
,REALME,Hyper Black,,REALME NARZO 50 5G,,48MP,5000,17899,16.76,6,19999,35,4.3,1,128
,OPPO,Royal Gold,8MP,OPPO A16,MediaTek Helio G35,13MP,5000,12990,16.56,4,15990,3846,4.3,275,64
Lithium Ion,SAMSUNG,Green,8MP,SAMSUNG GALAXY A13,Exynos Octa Core,50MP + 5MP + 2MP + 2MP,5000,15999,16.76,4,19990,738,4.1,49,128
,XIAOMI,Carbon Black,,REDMI 9A SPORT,,13MP,5000,7285,16.59,3,9499,6199,4.2,454,32
Lithium Ion,REALME,Midnight Black,16MP,REALME 9 PRO+ 5G,Mediatek Dimensity 920,50MP + 8MP + 2MP,4500,26999,16.26,8,29999,29755,4.4,3314,128
Lithium Ion,REALME,Midnight Black,16MP,REALME 9 PRO+ 5G,Mediatek Dimensity 920,50MP + 8MP + 2MP,4500,28999,16.26,8,31999,29755,4.4,3314,256
Lithium,INFINIX,Snowfall,16MP,INFINIX NOTE 12 TURBO,Mediatek Helio G96,50 MP + 2 MP Depth Lens + AI lens,5000,14999,17.02,8,19999,7857,4.2,989,128
Lithium,OPPO,Glowing Gold,8MP,OPPO A57,Mediatek Helio G35,13MP + 2MP,5000,13999,16.66,4,16990,2202,4.4,106,64
,SAMSUNG,Emerald Brown,,SAMSUNG GALAXY M53 5G,,108MP,5000,23680,17.02,6,17999,55,3.6,3,128
,XIAOMI,Peppy Purple,,REDMI 11 PRIME,,50MP,5000,13690,16.71,6,16999,38,3.9,2,128
,IQOO,,,IQOO Z6 LITE 5G,,50MP,5000,16994,16.97,6,17999,645,4.1,52,
,MOTOROLA,Dark Pearl,13MP,MOTOROLA G30,Snapdragon 662,64MP + 8MP + 2MP + 2MP,5000,10999,16.54,4,14999,36307,4.1,3550,64
,XIAOMI,Noir Black,,XIAOMI 12 PRO 5G,Snapdragon@ 8 Gen 1,50MP,4600,51999,17.09,,84999,144,4.2,18,256
,REALME,Supersonic Black,16MP,REALME 8 5G,MediaTek Dimensity 700 (MT6833),48MP + 2MP + 2MP,5000,16499,16.51,4,16999,75848,4.3,6016,128
Lithium Ion,SAMSUNG,Awesome White,32MP,SAMSUNG GALAXY A53,Exynos Octa Core,64MP + 12MP + 5MP + 5MP,5000,33499,16.51,8,39990,1369,4.2,152,128
,OPPO,Cosmic Black,,OPPO F21 PRO,,64MP,4500,21999,16.33,8,25999,2568,4.4,188,128
,SAMSUNG,Light Green,,SAMSUNG GALAXY M04,MediaTek Helio P35,13MP + 2MP,5000,10489,16.51,4,13499,365,4.2,27,128
,REALME,Racing Blue,16MP,REALME NARZO 30,MediaTek Helio G95,48MP + 2MP + 2MP,5000,13499,16.51,4,14999,106194,4.4,8989,64
,REALME,Space Black,16MP,REALME 8I,MediaTek Helio G96,50MP + 2MP + 2MP,5000,13999,16.76,4,15999,172736,4.5,10847,64
,IQOO,Dynamo Black,,IQOO Z6 5G,,50MP,5000,17489,16.71,6,17499,690,4.2,49,128
Lithium Ion,SAMSUNG,Metallic Blue,8MP,SAMSUNG GALAXY M11,Qualcomm Snapdragon (SDM450-F01) Octa Core,13MP + 5MP + 2MP,5000,9450,16.26,3,12999,10653,4.2,859,32
,XIAOMI,Midnight Black,,REDMI 9A,,13MP,5000,7746,16.59,2,8499,21534,4.3,1289,32
Lithium Polymer,LAVA,Flame Red,8MP,LAVA Z2,MediaTek Helio G35,13MP + 2MP,5000,7999,16.55,3,8999,333,4.1,56,32
,SAMSUNG,Onyx,,SAMSUNG GALAXY A03 CORE,,8MP,5000,6769,16.51,2,10499,2729,4,237,32
,XIAOMI,Dark Nebula,16MP,REDMI NOTE 10 PRO MAX,Qualcomm Snapdragon 732G,108MP,5020,19999,16.94,6,22999,16833,4.3,1271,128
Lithium,XIAOMI,Yellow,8MP,POCO M5,Mediatek Helio G99,50MP + 2MP Depth Sensor + 2MP Macro Sensor,5000,11499,16.71,4,15999,3191,4.3,240,64
Lithium Ion,VIVO,Sunset Dazzle,44MP,VIVO V21 5G,MediaTek Dimensity 800U,64MP + 8MP + 2MP,4000,27990,16.36,8,32990,17150,4.3,1704,128
Lithium Polymer,REALME,Metal Grey,8MP,REALME C25_Y,Unisoc T618,50MP + 2MP + 2MP,5000,11999,16.51,4,13999,46866,4.5,2234,128
Lithium Ion,NOKIA,Blue,2MP,NOKIA C01 PLUS,Unisoc SC9863A,5MP,3000,5199,13.84,2,6999,4349,3.8,376,16
,XIAOMI,Matte Black,,REDMI NOTE 12 5G,,48MP,5000,17692,16.94,4,19999,68,4.2,8,128
,TECNO,Magnet Black,8MP,TECNO SPARK 8C,Unisoc T606,13MP,5000,8199,16.76,3,8248,454,4.2,35,64
,SAMSUNG,Black,,SAMSUNG GALAXY M32 PRIME EDITION,,64MP,6000,12700,16.26,4,16999,244,4.3,21,64
Lithium Ion,SAMSUNG,Black,5MP,SAMSUNG GALAXY A04S,Exynos Octa Core,50MP + 50MP + 2MP + 2MP,5000,13499,16.51,4,15990,26,4.2,2,64
,TECNO,Atlantic Blue,8MP,TECNO SPARK 8T,MediaTek Helio G35,50MP,5000,9499,16.76,4,9850,425,4.2,39,64
,APPLE,Space Black,12MP,APPLE IPHONE 14 PRO MAX,"A Bionic Chip,  Core",48MP + 12MP + 12MP + 12MP,,127999,17.02,,139900,769,4.7,65,128
,REALME,Blade Silver,16MP,REALME NARZO 30 PRO 5G,MediaTek Dimensity 800U,48MP + 8MP + 2MP,5000,19999,16.51,8,21999,28455,4.3,2666,128
,REALME,Hyper Black,,REALME NARZO 50 5G,,48MP,5000,14774,16.76,,17990,31,4.3,2,64
,XIAOMI,Star blue,,REDMI NOTE 11 PRO,,108MP,5000,18300,16.94,6,22999,1161,4.2,84,128
Lithium Ion,SAMSUNG,Phantom Black,10MP,SAMSUNG GALAXY S22 5G,Octa Core,50MP + 12MP + 10MP,3700,57890,15.49,8,17999,110,4.3,16,256
,XIAOMI,Diamond Dazzle,20MP,XIAOMI 11LITE NE,Qualcomm Snapdragon 778G,64MP + 8MP + 5MP,4250,20990,16.64,6,23895,3346,4.2,382,128
Lithium Ion,REALME,Paper White,16MP,REALME GT 2,Qualcomm Snapdragon 888,50MP + 8MP + 2MP,5000,34999,16.81,8,39999,5990,4.3,785,128
,OPPO,Midnight Black,5MP,OPPO A16E,Mediatek Helio P22,13MP,4230,9990,16.56,3,13990,755,4.3,32,32
,APPLE,Deep Purple,12MP,APPLE IPHONE 14 PRO MAX,"A Bionic Chip,  Core",48MP + 12MP + 12MP + 12MP,,127999,17.02,,139900,769,4.7,65,128
Lithium,VIVO,Sunshine Gold,50MP + 8MP Dual,VIVO V23 PRO 5G,Mediatek Dimensity 1200,108MP + 8MP + 2MP,4300,38990,16.66,8,41990,3786,4.3,408,128
Lithium Polymer,XIAOMI,Light Green,5MP,REDMI A1+,Mediatek Helio A22,8MP,5000,7499,16.56,2,9999,656,4.1,46,32
Lithium Ion,REALME,Power Blue,8MP,REALME C15,Mediatek Helio G35,13MP + 8MP + 2MP + 2MP,6000,12999,16.56,4,17999,125111,4.4,7187,64
Lithium Ion,SAMSUNG,Denim Black,13MP,SAMSUNG GALAXY F22,MediaTek Helio G80,48MP + 8MP + 2MP + 2MP,6000,13499,16.26,6,16999,65488,4.3,6019,128
Lithium,VIVO,Elegant Black,50MP,VIVO V25 5G,Mediatek Dimensity 900,64MP + 8MP + 2MP,4500,27999,16.36,8,32999,6847,4.3,677,128
,IQOO,,,IQOO Z6 LITE 5G,,50MP,5000,14399,16.97,4,15999,331,4.2,23,
Lithium,OPPO,Glowing Black,8MP,OPPO A57,Mediatek Helio G35,13MP + 2MP,5000,13999,16.66,4,16990,2202,4.4,106,64
,MOTOROLA,Tahiti Blue,5MP,MOTOROLA E7 POWER,MediaTek Helio G25,13MP + 2MP,5000,8999,16.54,4,11999,83852,4.1,7443,64
Lithium,VIVO,Midnight Blue,8MP,VIVO Y21G,Mediatek MT6769 Helio G70,13MP + 2MP,5000,12895,16.54,4,17999,2134,4.3,164,64
Lithium,VIVO,Mirror Black,16MP,VIVO Y33T,Qualcomm Snapdragon 680,50MP + 2MP + 2MP,5000,17099,16.71,8,17490,2576,4.4,182,128
Lithium Ion,SAMSUNG,Red,5MP,SAMSUNG GALAXY A03,Unisoc UMS9230,48MP + 2MP,5000,8699,16.51,3,17999,674,4.1,43,32
,TECNO,Ice Blue,5MP,TECNO POP 5 PRO,Helio A22,8MP,6000,7299,16.56,3,10999,422,4.2,33,32
Lithium Ion,SAMSUNG,Awesome Peach,13MP,SAMSUNG GALAXY A33,Exynos 1280,48MP + 8MP + 5MP + 2MP,5000,27989,16.26,8,33990,827,4.2,91,128
Lithium Polymer,REALME,Azure Glow,16MP,REALME 9 5G SE,Qualcomm Snapdragon 778G,48MP + 2MP + 2MP,5000,22999,16.76,8,26999,2488,4.3,231,128
,SAMSUNG,Midnight Blue,,SAMSUNG GALAXY M13,,50MP,6000,10980,16.76,4,14999,2494,4.2,164,64
,MOTOROLA,Dynamic Gray,16MP,MOTOROLA G40 FUSION,Qualcomm Snapdragon 732G,64MP + 8MP + 2MP,6000,16499,17.22,6,19999,56396,4.2,6064,128
Lithium,OPPO,Crystal Black,16MP,OPPO A54,MediaTek Helio P35,13MP + 2MP + 2MP,5000,15990,16.54,6,17990,4062,4.3,229,128
Lithium,OPPO,Starry Blue,16MP,OPPO A54,MediaTek Helio P35,13MP + 2MP + 2MP,5000,15990,16.54,6,17990,4062,4.3,229,128
,APPLE,Yellow,12MP,APPLE IPHONE 11,A Bionic Chip,12MP + 12MP,,42999,15.49,,43900,184191,4.6,10818,64
,APPLE,Red,12MP,APPLE IPHONE 12,A Bionic Chip with Next Generation Neural Engine,12MP + 12MP,,51999,15.49,,59900,186979,4.6,12739,64
Lithium,MOTOROLA,Neptune Green,16MP,MOTO G71 5G,Qualcomm Snapdragon 695,50MP + 8MP + 2MP,5000,16999,16.26,6,22999,22647,4.2,2610,128
Lithium Polymer,XIAOMI,Shadow Black,13MP,REDMI NOTE 10S,Mediatek Helio G95,64MP + 8MP + 2MP + 2MP,5000,16499,16.33,8,20999,7397,4.2,681,128
Lithium Ion,SAMSUNG,Awesome Mint,32MP,SAMSUNG GALAXY A73 5G,Qualcomm Snapdragon 778G,108MP + 12MP + 5MP + 5MP,5000,41999,17.02,8,47490,1392,4.2,184,128
,APPLE,Red,12MP,APPLE IPHONE 12 MINI,A Bionic Chip with Next Generation Neural Engine,12MP + 12MP,,55999,13.72,,74900,125841,4.5,10101,256
Lithium,INFINIX,Force Black,16MP,INFINIX NOTE 12 TURBO,Mediatek Helio G96,50 MP + 2 MP Depth Lens + AI lens,5000,14999,17.02,8,19999,7857,4.2,989,128
Lithium Ion,REALME,Aurora Green,16MP,REALME 9 PRO+ 5G,Mediatek Dimensity 920,50MP + 8MP + 2MP,4500,24999,16.26,6,27999,31257,4.4,3811,128
Lithium,INFINIX,Jewel Blue,16MP,INFINIX NOTE 12 TURBO,Mediatek Helio G96,50 MP + 2 MP Depth Lens + AI lens,5000,14999,17.02,8,19999,7857,4.2,989,128
Lithium Ion,SAMSUNG,Sky Blue,8MP,SAMSUNG GALAXY F12,Exynos 850,48MP + 5MP + 2MP + 2MP,6000,10499,16.55,4,12999,298148,4.3,23492,64
,TECNO,Turquoise Cyan,8MP,TECNO SPARK 8C,Unisoc T606,13MP,5000,8140,16.76,3,8240,454,4.2,35,64
,TECNO,Geek Blue,8MP,TECNO POVA NEO,Helio G25,13MP,6000,10247,17.27,6,15499,738,4.1,56,128
,TECNO,Iris Purple,8MP,TECNO SPARK 8C,Unisoc T606,13MP,5000,8799,16.76,4,8948,103,4.2,10,64
,TECNO,Obsidian Black,8MP,TECNO POVA NEO,Helio G25,13MP,6000,10790,17.27,6,15499,738,4.1,56,128
,REALME,Watery Grey,8MP,REALME C25S,MediaTek Helio G85,13MP + 2MP + 2MP,6000,11999,16.51,4,17999,50767,4.4,2940,128
Lithium Ion,SAMSUNG,Copper,5MP,SAMSUNG GALAXY A04E,Mediatek Helio P35,13MP + 2MP,5000,11499,16.51,4,14999,12,4.3,0,128
,TECNO,Interstellar Black,,TECNO SPARK 8 PRO,,48MP,5000,9798,17.27,4,13499,144,4.3,14,64
Lithium Ion,REALME,Prism Blue,16MP,REALME 9I,Qualcomm Snapdragon 680 (SM6225),50MP + 2MP + 2MP,5000,15999,16.76,6,17999,26434,4.5,1569,128
Lithium Polymer,LAVA,Aqua Blue,,LAVA Z2C,MediaTek Helio G35,13MP + 2MP,5000,7499,16.55,2,8499,106,4.1,13,32
,REALME,Supersonic Blue,16MP,REALME 8 5G,MediaTek Dimensity 700 (MT6833),48MP + 2MP + 2MP,5000,16499,16.51,4,16999,75848,4.3,6016,128
,VIVO,MYSTIC BLUE,,VIVO Y15S,,13MP,5000,9850,16.54,3,9909,3742,4.3,274,32
,XIAOMI,Black,,REDMI A1,,5MP,5000,6350,16.56,2,17999,4176,4.3,218,32
Lithium,XIAOMI,Power Black,16MP,POCO M4 PRO,Mediatek Helio G96,64MP + 8MP + 2MP,5000,16499,16.33,6,19999,150352,4.3,13531,128
Lithium Ion,REALME,Paper White,16MP,REALME GT 2,Qualcomm Snapdragon 888,50MP + 8MP + 2MP,5000,38999,16.81,,44999,1226,4.3,161,256
Lithium Polymer,XIAOMI,Metallic Blue,8MP,REDMI NOTE 10T 5G,Mediatek Dimensity 700,48MP Primary Camera + 2MP Macro Lens + 2MP Depth Sensor,5000,12999,16.66,4,16999,44860,4.3,3240,64
,SAMSUNG,Midnight Blue,,SAMSUNG GALAXY M13,,50MP,6000,10670,16.76,4,17999,2494,4.2,164,64
,XIAOMI,Vinyl Black,20MP,XIAOMI 11LITE NE,Qualcomm Snapdragon 778G,64MP + 8MP + 5MP,4250,23579,16.64,8,24298,1616,4.2,168,128
,REALME,Hyper Blue,,REALME NARZO 50 5G,,48MP,5000,15380,16.76,4,18990,31,4.3,2,128
Lithium,INFINIX,Topaz Blue,5MP,INFINIX SMART HD 2021,MediaTek Helio A20,8MP,5000,6499,15.49,2,7999,66389,4.3,4304,32
Lithium,OPPO,Moonlight Gold,16MP,OPPO A54,MediaTek Helio P35,13MP + 2MP + 2MP,5000,13990,16.54,4,15990,10938,4.4,676,128
Lithium,OPPO,Crystal Black,16MP,OPPO A54,MediaTek Helio P35,13MP + 2MP + 2MP,5000,14990,16.54,4,15990,10938,4.4,676,128
Lithium Ion,SAMSUNG,Awesome Blue,13MP,SAMSUNG GALAXY A33,Exynos 1280,48MP + 8MP + 5MP + 2MP,5000,27499,16.26,8,33990,827,4.2,91,128
,LAVA,ROSE PINK,,LAVA BEU,,13MP,4060,5960,15.44,2,7777,469,4,53,32
Lithium,MARQ,,5MP,MARQ BY FLIPKART M3 SMART,Octa Core,13MP + Digital Camera,5000,5499,15.46,2,7999,1288,3.8,215,
,APPLE,Silver,12MP,APPLE IPHONE 13 PRO,A Bionic Chip,12MP + 12MP + 12MP,,122999,15.49,,149900,1421,4.6,121,512
Lithium,INFINIX,Haze Green,16MP,INFINIX NOTE 11S,MediaTek Helio G96,50 MP + 2 MP Depth Lens + 2 MP Macro Lens,5000,13999,17.65,6,16999,11981,4.3,1580,64
Lithium,INFINIX,Mithril Grey,16MP,INFINIX NOTE 11S,MediaTek Helio G96,50 MP + 2 MP Depth Lens + 2 MP Macro Lens,5000,13999,17.65,6,16999,11981,4.3,1580,64
Lithium,VIVO,Steller Black,5MP,VIVO Y16,Mediatek Helio P35,13MP + 2MP,5000,10799,16.54,3,13999,1418,4.3,86,32
Lithium,OPPO,Sky Blue,8MP,OPPO A77,Mediatek Helio G35,50MP + 2MP,5000,15999,16.66,4,19999,345,4.3,18,128
Lithium,OPPO,Sunset Orange,8MP,OPPO A77,Mediatek Helio G35,50MP + 2MP,5000,15999,16.66,4,19999,345,4.3,18,128
Lithium,INFINIX,Graphite Black,16MP,INFINIX NOTE 11,Mediatek Helio G88,50 MP + 2 MP Depth Lens + AI Lens,5000,14499,17.02,6,16999,10807,4.2,1256,128
Lithium,INFINIX,Celestial Snow,16MP,INFINIX NOTE 11,Mediatek Helio G88,50 MP + 2 MP Depth Lens + AI Lens,5000,14499,17.02,6,16999,10807,4.2,1256,128
Lithium,INFINIX,Glacier Green,16MP,INFINIX NOTE 11,Mediatek Helio G88,50 MP + 2 MP Depth Lens + AI Lens,5000,14499,17.02,6,16999,10807,4.2,1256,128
Lithium,XIAOMI,Power Black,16MP,POCO M4 PRO,Mediatek Helio G96,64MP + 8MP + 2MP,5000,14999,16.33,6,17999,150352,4.3,13531,64
,REALME,Lightning Orange,16MP + 8MP Dual,REALME 6 PRO,Snapdragon 720G,64MP + 12MP + 8MP + 2MP,4300,17999,16.76,6,17999,61057,4.4,6545,64
Lithium Ion,ITEL,Silver Purple,2MP,ITEL A27,Unisoc 9832E,2MP,4000,5169,13.84,2,7999,807,4,55,32
Lithium Ion,SAMSUNG,Awesome Black,13MP,SAMSUNG GALAXY A33,Exynos 1280,48MP + 8MP + 5MP + 2MP,5000,25999,16.26,6,32990,1776,4.1,172,128
Lithium,VIVO,Drizzling Gold,5MP,VIVO Y16,Mediatek Helio P35,13MP + 2MP,5000,10699,16.54,3,13999,1418,4.3,86,64
,XIAOMI,Vinyl Black,20MP,XIAOMI 11LITE NE,Qualcomm Snapdragon 778G,64MP + 8MP + 5MP,4250,21990,16.64,6,29990,3346,4.2,382,128
Lithium Polymer,XIAOMI,Metallic Blue,8MP,REDMI NOTE 10T 5G,Mediatek Dimensity 700,48MP Primary Camera + 2MP Macro Lens + 2MP Depth Sensor,5000,12788,16.66,4,17999,44860,4.3,3240,64
,SAMSUNG,Black,,SAMSUNG GALAXY M32,,64MP,6000,12090,16.26,4,16999,4421,4.2,444,64
,SAMSUNG,Midnight Blue,,SAMSUNG GALAXY M13,,50MP,6000,10499,16.76,4,10595,2494,4.2,164,64
Lithium,VIVO,Surfing Blue,50MP,VIVO V25 5G,Mediatek Dimensity 900,64MP + 8MP + 2MP,4500,28989,16.36,8,17999,6847,4.3,677,128
Lithium Ion,SAMSUNG,Matte Aqua,8MP,SAMSUNG GALAXY F42 5G,MediaTek Dimensity 700,64MP + 5MP + 2MP,5000,22999,16.76,8,25999,6058,4.1,597,128
Lithium,VIVO,Wave Green,8MP,VIVO Y15C,Mediatek Helio P35,13MP + 2MP,5000,9949,16.54,3,9976,1149,4.2,81,32
,OPPO,Mystery Black,8MP,OPPO A31,MediaTek Helio P35 Octa Core,12MP + 2MP + 2MP,4230,14180,16.51,6,15990,29727,4.3,1866,128
,XIAOMI,Stealth Black,,REDMI NOTE 11 PRO,,108MP,5000,17490,16.94,6,17999,1161,4.2,84,128
Lithium,XIAOMI,Yellow,8MP,POCO M3 PRO 5G,MediaTek Dimensity 700,48MP + 2MP + 2MP,5000,17999,16.51,6,17999,53487,4.2,4495,128
,XIAOMI,Phantom White,,REDMI NOTE 11 PRO,,108MP,5000,20499,16.94,8,24999,691,4.1,48,128
,SAMSUNG,Cloud Lavender,,SAMSUNG GALAXY S20 FE 5G,,32MP,4500,31390,16.51,8,74990,95,4.1,8,128
Lithium Ion,SAMSUNG,Black,8MP,SAMSUNG GALAXY A13,Exynos Octa Core,50MP + 5MP + 2MP + 2MP,5000,15999,16.76,4,19990,738,4.1,49,128
,OPPO,Midnight Black,5MP,OPPO A16E,Mediatek Helio P22,13MP,4230,11400,16.56,4,15990,1601,4.2,75,64
,OPPO,Blue,5MP,OPPO A16E,Mediatek Helio P22,13MP,4230,11400,16.56,4,15990,1601,4.2,75,64
,TECNO,Iris Purple,8MP,TECNO SPARK 8P,MediaTek Helio G85,50MP + 2MP,5000,9239,16.76,4,17999,25,4,1,64
,OPPO,Fantastic Purple,8MP,OPPO A74 5G,,48MP + 2MP + 2MP,5000,17089,16.48,6,18490,1129,4.3,107,128
Lithium,INFINIX,Polar Black,8MP,INFINIX HOT 11 2022,UniSoc T610,13 MP + 2 MP Depth Lens,5000,9999,17.02,4,12999,17054,4.2,1398,64
,APPLE,Pink,12MP,APPLE IPHONE 13,A Bionic Chip,12MP + 12MP,,87999,15.49,,99900,190651,4.7,10468,512
,XIAOMI,Metallic Purple,,REDMI 9 ACTIV,,13MP,5000,8981,16.59,4,17999,9732,4.2,676,64
,OPPO,Dawnlight Gold,16MP Dual,OPPO F21S PRO 5G,,64MP + 64MP + 2MP + 2MP,4500,24990,16.33,8,31999,359,4.2,27,128
Lithium Polymer,XIAOMI,Rosso Red,20MP,POCO F1,Qualcomm Snapdragon 845,12MP + 5MP,4000,21999,15.7,6,17999,244108,4.5,30022,64
,OPPO,Black,,OPPO A 78 5G,,50MP,5000,19595,16.66,8,21999,0,0,0,128
,APPLE,Space Black,12MP,APPLE IPHONE 14 PRO,"A Bionic Chip,  Core",48MP + 12MP + 12MP + 12MP,,122999,15.49,,129900,756,4.7,63,128
Lithium Polymer,MOTOROLA,Bright Silver,13MP,MOTOROLA G51 5G,Qualcomm Snapdragon 480 Pro,50MP + 8MP + 2MP,5000,12999,17.27,4,17999,17217,4.1,2113,64
,MOTOROLA,Electric Graphite,32MP,MOTOROLA EDGE 20 FUSION 5G,MediaTek Dimensity 800U,108MP + 8MP + 2MP,5000,18999,16.94,6,24999,19791,4,2662,128
,REALME,Racing Blue,16MP,REALME NARZO 30 5G,MediaTek Dimensity 700 (MT6833),48MP + 2MP + 2MP,5000,16999,16.51,6,17999,84648,4.3,7375,128
Lithium Ion,REALME,Asphalt Black,16MP,REALME GT NEO 3,Mediatek Dimensity 8100,50MP + 8MP + 2MP,5000,38999,17.02,8,41999,832,4.1,136,256
,SAMSUNG,Cloud Navy,,SAMSUNG GALAXY S20 FE 5G,,12MP,4500,29990,16.51,8,66999,95,4.1,8,128
,VIVO,Sapphire Blue,5MP,VIVO Y01A,Mediatek Helio P35,8MP,5000,7999,16.54,2,12999,42,4.1,3,32
Lithium,VIVO,Urban Blue,32MP,VIVO X80,Mediatek Dimensity 9000,50MP + 12MP + 12MP,4500,54999,17.22,8,59999,741,4.5,144,128
Lithium Polymer,XIAOMI,Black,5MP,REDMI GO,Qualcomm Snapdragon 425,8MP,3000,5999,12.7,1,17999,167688,4.3,13179,8
,XIAOMI,Phantom Blue,,REDMI K50I,,64MP,5080,26480,16.76,8,35999,326,4.3,45,256
Lithium Ion,SAMSUNG,Copper,5MP,SAMSUNG GALAXY A04S,Exynos Octa Core,50MP + 50MP + 2MP + 2MP,5000,12340,16.51,4,15990,26,4.2,2,64
,TECNO,Horizon Orange,,TECNO SPARK GO 2021,,13MP,5000,7689,16.56,2,17999,826,4.2,54,32
,XIAOMI,Star blue,,REDMI NOTE 11 PRO,,108MP,5000,18990,16.94,6,17999,1161,4.2,84,128
Lithium Ion,REALME,Sunrise Blue,16MP,REALME 9 PRO+ 5G,Mediatek Dimensity 920,50MP + 8MP + 2MP,4500,28999,16.26,8,31999,29755,4.4,3314,256
Lithium Ion,REALME,Prism Black,16MP,REALME 9I,Qualcomm Snapdragon 680 (SM6225),50MP + 2MP + 2MP,5000,14999,16.76,4,16999,124865,4.5,7409,128
Lithium Ion,REALME,Aurora Green,16MP,REALME 9 PRO+ 5G,Mediatek Dimensity 920,50MP + 8MP + 2MP,4500,28999,16.26,8,31999,29755,4.4,3314,256
,REALME,Rich Green,5MP,REALME C11,Mediatek Helio G35,13MP + 2MP,5000,8999,16.51,2,17999,459210,4.4,29491,32
,APPLE,Black,12MP,APPLE IPHONE 12,A Bionic Chip with Next Generation Neural Engine,12MP + 12MP,,66999,15.49,,74900,186979,4.6,12739,256
Lithium Polymer,LAVA,Aqua Blue,8MP,LAVA Z2,MediaTek Helio G35,13MP + 2MP,5000,7999,16.55,3,8999,333,4.1,56,32
Lithium,XIAOMI,Power Black,16MP,POCO M4 PRO 5G,Mediatek Dimensity 810,50MP + 8MP,5000,14999,16.76,4,16999,39955,4.3,3495,64
,TECNO,Magnet Black,8MP,TECNO SPARK 8C,Unisoc T606,13MP,5000,9135,16.76,4,9145,103,4.2,10,64
,XIAOMI,Onyx Black,13MP,REDMI NOTE 7S,Qualcomm Snapdragon 660 AIE,48MP + 5MP,4000,13999,16,4,17999,422214,4.4,34039,64
Lithium,OPPO,Rainbow Blue,16MP,OPPO A55,MediaTek Helio G35,50MP + 2MP + 2MP,5000,14499,16.54,4,17999,748,4.3,65,64
,APPLE,Purple,12MP,APPLE IPHONE 14 PLUS,"A Bionic Chip,  Core",12MP + 12MP,,110999,17.02,,119900,4110,4.7,294,512
Lithium,VIVO,Mid day dream,16MP,VIVO Y33T,Qualcomm Snapdragon 680,50MP + 2MP + 2MP,5000,17989,16.71,8,22990,2576,4.4,182,128
,REALME,Cyber Silver,16MP,REALME 8,MediaTek Helio G95,64MP + 8MP + 2MP + 2MP,5000,15999,16.26,4,16999,121931,4.4,10687,128
Lithium,INFINIX,Horizon Blue,16MP,INFINIX ZERO 5G,Mediatek Dimensity 900,48 MP + 13 MP Portrait Lens + 2 MP Bokeh Lens,5000,19999,17.22,8,24999,10272,4.2,1546,128
Lithium Ion,SAMSUNG,Cream,12MP,SAMSUNG GALAXY S23 PLUS 5G,Qualcomm Snapdragon 8 Gen 2,50MP + 10MP + 12MP,4700,94999,16.76,8,116999,10,4.1,3,256
Lithium Ion,SAMSUNG,Fusion Black,32MP,SAMSUNG GALAXY F41,Exynos 9611,64MP + 8MP + 5MP,6000,14499,16.26,6,20999,393417,4.3,42174,128
,OPPO,Glowing Blue,,OPPO A78 5G,,13MP,5000,19428,16.66,8,21999,17,4.1,1,128
,APPLE,Green,12MP,APPLE IPHONE 12,A Bionic Chip with Next Generation Neural Engine,12MP + 12MP,,66999,15.49,,74900,186979,4.6,12739,256
,XIAOMI,PHANTOM WHITE,,REDMI NOTE 11 PRO PLUS 5G,,108MP,5000,28999,16.94,8,17999,2904,4.2,259,256
,REALME,Racing Silver,16MP,REALME NARZO 30,MediaTek Helio G95,48MP + 2MP + 2MP,5000,15499,16.51,6,16999,76491,4.3,6058,128
Lithium Ion,REALME,Dash Yellow,16MP,REALME GT NEO 3T,Qualcomm Snapdragon 870,64MP + 8MP + 2MP,5000,29999,16.81,6,34999,12124,4.3,1413,128
Lithium Ion,REALME,Shade Black,16MP,REALME GT NEO 3T,Qualcomm Snapdragon 870,64MP + 8MP + 2MP,5000,31999,16.81,8,36999,7524,4.3,851,128
,IQOO,Cyber Rage,16MP + 16MP Dual,IQOO NEO 6 5G,,64MP + 64MP + 8MP + 2MP,4700,34439,16.81,,17999,400,4.4,52,256
Lithium Ion,REALME,Dash Yellow,16MP,REALME GT NEO 3T,Qualcomm Snapdragon 870,64MP + 8MP + 2MP,5000,33999,16.81,8,38999,7524,4.3,851,256
,I KALL,Dark Blue,,I KALL 401 PRO DARK BLUE,Mediatek,13MP,4000,6499,15.9,4,6999,52,3.6,2,64
Lithium Ion,REALME,Drifting White,16MP,REALME GT NEO 3T,Qualcomm Snapdragon 870,64MP + 8MP + 2MP,5000,33999,16.81,8,38999,7524,4.3,851,256
Lithium Ion,REALME,Shade Black,16MP,REALME GT NEO 3T,Qualcomm Snapdragon 870,64MP + 8MP + 2MP,5000,33999,16.81,8,38999,7524,4.3,851,256
Lithium Ion,REALME,Shade Black,16MP,REALME GT NEO 3T,Qualcomm Snapdragon 870,64MP + 8MP + 2MP,5000,29999,16.81,6,34999,12124,4.3,1413,128
Lithium Ion,REALME,Drifting White,16MP,REALME GT NEO 3T,Qualcomm Snapdragon 870,64MP + 8MP + 2MP,5000,29999,16.81,6,34999,12124,4.3,1413,128
Lithium Ion,ITEL,Crystal Blue,2MP,ITEL A27,Unisoc 9832E,2MP,4000,5175,13.84,2,6999,807,4,55,32
Lithium Ion,ITEL,Deep Grey,2MP,ITEL A27,Unisoc 9832E,2MP,4000,5149,13.84,2,6999,807,4,55,32
,OPPO,Orange,32MP + 2MP Dual,OPPO F21SPRO,,64MP + 2MP,4500,20880,16.33,8,22929,32,4.3,0,128
Lithium,XIAOMI,Green and Greener,16MP,POCO M2 PRO,Qualcomm Snapdragon 720G,48MP + 8MP + 5MP + 2MP,5000,19999,16.94,6,17999,350744,4.4,33202,128
Lithium Ion,SAMSUNG,Blue,8MP,SAMSUNG GALAXY A23,Octa-core(EXYNOS),50MP,5000,19990,16.76,8,17999,478,4.3,35,128
Lithium Ion,MICROMAX,Champagne,2MP,MICROMAX BHARAT 2 PLUS,SC9832,5MP,1600,3599,10.16,1,17999,6917,3.3,752,8
Lithium,MOTOROLA,Interstellar Black,60MP,MOTOROLA EDGE 30 ULTRA,Qualcomm Snapdragon 8+ Gen 1,200MP + 50MP + 12MP,4610,54999,16.94,8,69999,1112,4.4,213,128
Lithium Polymer,XIAOMI,Gold,5MP,REDMI 6,2.0 GHz Mediatek P22 Octacore,12MP + 5MP,3000,8999,13.84,3,17999,559353,4.4,40463,32
Lithium Ion,SAMSUNG,Phantom Black,12MP,SAMSUNG GALAXY S23 PLUS 5G,Qualcomm Snapdragon 8 Gen 2,50MP + 10MP + 12MP,4700,94999,16.76,8,116999,10,4.1,3,256
Lithium Ion,REALME,Sunrise Blue,16MP,REALME 9 PRO+ 5G,Mediatek Dimensity 920,50MP + 8MP + 2MP,4500,26999,16.26,8,29999,29755,4.4,3314,128
Lithium Ion,SAMSUNG,Sky Blue,8MP,SAMSUNG GALAXY F12,Exynos 850,48MP + 5MP + 2MP + 2MP,6000,11499,16.55,4,13999,298148,4.3,23492,128
,REALME,Diamond Blue,13MP,REALME 3I,MediaTek Helio P60 Octa Core 2.0 GHz,13MP + 2MP,4230,10499,15.8,4,10999,80034,4.4,6607,64
Lithium Polymer,XIAOMI,Greyish Black,8MP,POCO M2 RELOADED,MediaTek Helio G80,13MP + 8MP + 5MP + 2MP,5000,11999,16.59,4,17999,66978,4.3,4602,64
Lithium,INFINIX,Aurora Green,8MP,INFINIX HOT 11 2022,UniSoc T610,13 MP + 2 MP Depth Lens,5000,9999,17.02,4,12999,17054,4.2,1398,64
,IQOO,Cyber Rage,,IQOO NEO 6 5G,,64MP,4700,29999,16.81,8,17999,1010,4.4,125,128
Lithium Ion,REALME,Power Silver,8MP,REALME C15,Mediatek Helio G35,13MP + 8MP + 2MP + 2MP,6000,11999,16.56,3,17999,56326,4.3,3840,32
,MOTOROLA,Starry Black,2MP,MOTO C PLUS,Mediatek MTK6737 Quad Core 1.3Ghz,8MP,4000,6999,12.7,2,17999,365540,4.2,53824,16
,MOTOROLA,Fine Gold,2MP,MOTO C PLUS,Mediatek MTK6737 Quad Core 1.3Ghz,8MP,4000,6999,12.7,2,17999,365540,4.2,53824,16
,APPLE,Starlight,12MP,APPLE IPHONE 14 PLUS,"A Bionic Chip,  Core",12MP + 12MP,,110999,17.02,,119900,4110,4.7,294,512
Lithium Polymer,XIAOMI,Deep Sea Blue,13MP,REDMI NOTE 10S,Mediatek Helio G95,64MP + 8MP + 2MP + 2MP,5000,16499,16.33,6,18999,84168,4.4,5715,128
,APPLE,Space Black,12MP,APPLE IPHONE 14 PRO,"A Bionic Chip,  Core",48MP + 12MP + 12MP + 12MP,,132999,15.49,,139900,756,4.7,63,256
,XIAOMI,Phantom Black,,REDMI 10 PRIME,,8MP,6000,11180,16.51,4,14999,26,3.9,3,64
,XIAOMI,Jazz Blue,20MP,XIAOMI 11LITE NE,Qualcomm Snapdragon 778G,64MP + 8MP + 5MP,4250,22990,16.64,8,25490,1616,4.2,168,128
,XIAOMI,Mirage Blue,,REDMI NOTE 11 PRO PLUS 5G,,108MP,5000,23700,16.94,8,26499,2904,4.2,259,128
,APPLE,Black,12MP,APPLE IPHONE 12 MINI,A Bionic Chip with Next Generation Neural Engine,12MP + 12MP,,55999,13.72,,74900,125841,4.5,10101,256
Lithium Ion,REALME,Asphalt Black,16MP,REALME GT NEO 3,Mediatek Dimensity 8100,50MP + 8MP + 2MP,5000,36999,17.02,8,38999,832,4.1,136,128
,TECNO,Sky Mirror,8MP,TECNO SPARK 9,MediaTek Helio G37,13MP,5000,8549,16.76,3,9498,43,3.9,2,64
Lithium Ion,SAMSUNG,Phantom Black,12MP,SAMSUNG GALAXY S23 ULTRA 5G,Qualcomm Snapdragon 8 Gen 2,200MP + 10MP + 12MP + 10MP,5000,124999,17.27,,149999,33,3.6,3,256
,XIAOMI,Peppy Purple,,REDMI 11 PRIME,,50MP,5000,11463,16.71,4,13999,83,4.2,6,64
Lithium,OPPO,Glazed Black,32MP,OPPO RENO8 PRO 5G,Mediatek Dimensity 8100 Max,50MP + 8MP + 2MP,4500,45999,17.02,,52999,2268,4.4,275,256
Lithium,INFINIX,Polar Black,8MP,INFINIX HOT 11S,MediaTek Helio G88,50MP + 2MP + AI Lens,5000,10999,17.22,4,13999,49358,4.3,5250,64
Lithium Ion,SAMSUNG,Awesome Blue,32MP,SAMSUNG GALAXY A53,Exynos Octa Core,64MP + 12MP + 5MP + 5MP,5000,31999,16.51,6,38990,655,4,73,128
,APPLE,Blue,12MP,APPLE IPHONE 14,"A Bionic Chip,  Core",12MP + 12MP,,101999,15.49,,109900,16010,4.7,686,512
,OPPO,Gold,5MP,OPPO A17K,MTK Helio G35,8MP,5000,9370,16.66,3,12999,687,4.5,15,64
,ONEPLUS,Sierra Black,,ONEPLUS 10R 5G,,50MP,5000,37599,17.02,,42999,1070,4.2,78,256
,OPPO,Dynamic Black,,OPPO A15S,,13MP,4230,10285,16.56,4,11389,5645,4.3,306,64
Lithium Ion,SAMSUNG,Copper,5MP,SAMSUNG GALAXY A04,Mediatek Helio P35,50MP + 2MP,5000,12999,16.51,4,15999,13,3.8,2,128
,XIAOMI,Shadow Black,13MP,REDMI NOTE 9,MediaTek Helio G85,48MP + 8MP + 2MP + 2MP,5020,14819,16.59,4,16499,123832,4.3,9424,128
Lithium,XIAOMI,Matrix Purple,20MP + 2MP Dual,POCO X2,Qualcomm Snapdragon 730G,64MP + 8MP + 2MP + 2MP,4500,20999,16.94,8,17999,60874,4.5,6988,256
Lithium Ion,SAMSUNG,Blue,8MP,SAMSUNG GALAXY A13,Exynos Octa Core,50MP + 5MP + 2MP + 2MP,5000,15999,16.76,4,19990,738,4.1,49,128
,OPPO,Fluid Black,8MP,OPPO A74 5G BLACK,,48MP + 2MP + 2MP,5000,17397,16.48,6,20990,1803,4.3,140,128
,I KALL,Black,,I KALL Z20 PRO,,8MP,5000,7999,16.51,4,10499,0,0,0,64
,XIAOMI,Celestial Silver,20MP,MI 11X PRO 5G,Qualcomm Snapdragon 888,108MP + 8MP + 5MP,4520,34999,16.94,8,44999,450,4,34,128
,XIAOMI,Interstellar Black,16MP,REDMI NOTE 9 PRO,Qualcomm® Snapdragon™ 720G,48MP + 8MP + 5MP + 2MP,5020,14450,16.94,4,17999,26761,4.3,1830,64
,APPLE,Blue,12MP,APPLE IPHONE 12 MINI,A Bionic Chip with Next Generation Neural Engine,12MP + 12MP,,55999,13.72,,74900,125841,4.5,10101,256
,APPLE,Deep Purple,12MP,APPLE IPHONE 14 PRO,"A Bionic Chip,  Core",48MP + 12MP + 12MP + 12MP,,132999,15.49,,139900,756,4.7,63,256
Lithium Ion,OPPO,Starry Black,16MP,OPPO A96,Qualcomm Snapdragon 680,50MP + 2MP,5000,17999,16.74,8,23999,973,4.3,94,128
,SAMSUNG,Copper Blush,,SAMSUNG GALAXY F23 5G,,50MP,5000,15990,16.76,6,18999,157763,4.3,12636,128
,XIAOMI,Sapphire Blue,8MP,REDMI 8,Qualcomm Snapdragon 439,12MP + 2MP,5000,10749,15.8,4,10999,942649,4.4,66962,64
,IQOO,LEGEND,,IQOO 9T 5G,,50MP,4700,49499,17.22,8,17999,46,4,7,128
Lithium,INFINIX,Green Wave,8MP,INFINIX HOT 11S,MediaTek Helio G88,50MP + 2MP + AI Lens,5000,10999,17.22,4,13999,49358,4.3,5250,64
Lithium Ion,SAMSUNG,Phantom Black,10MP,SAMSUNG GALAXY Z FLIP3 5G,Qualcomm Snapdragon 888 Octa-Core,12MP + 12MP,3300,69999,17.02,8,95999,1876,4.4,144,128
Lithium Polymer,XIAOMI,Metallic Purple,5MP,REDMI 9 ACTIV,Mediatek Helio G35,13MP + 2MP,5000,11499,16.59,6,17999,5042,4.2,335,128
,APPLE,Silver,12MP,APPLE IPHONE 14 PRO MAX,"A Bionic Chip,  Core",48MP + 12MP + 12MP + 12MP,,127999,17.02,,139900,769,4.7,65,128
,REALME,Moss Green,32MP + 8MP Dual,REALME X50 PRO,,64MP + 12MP + 8MP + 2MP,4200,47999,16.36,,17999,1639,4.4,185,256
,REALME,Moss Green,32MP + 8MP Dual,REALME X50 PRO,,64MP + 12MP + 8MP + 2MP,4200,41999,16.36,8,17999,8689,4.4,1232,128
Lithium Polymer,NOKIA,Warm Grey,5MP,NOKIA C21 PLUS,Octa Core,13MP + 2MP,5050,10499,16.69,4,12999,114,3.8,16,64
,IQOO,LEGEND,,IQOO 9T 5G,,50MP,4700,49499,17.22,8,17999,46,4,7,128
,APPLE,Red,12MP,APPLE IPHONE 12,A Bionic Chip with Next Generation Neural Engine,12MP + 12MP,,66999,15.49,,74900,186979,4.6,12739,256
Lithium Ion,SAMSUNG,Green,10MP,SAMSUNG GALAXY S22 PLUS 5G,Qualcomm Snapdragon 8 Gen 1,50MP + 12MP + 10MP,4500,69999,16.76,8,101999,2366,4.5,266,128
Lithium,VIVO,Surfing Blue,50MP,VIVO V25 5G,Mediatek Dimensity 900,64MP + 8MP + 2MP,4500,31999,16.36,,36999,1448,4.3,158,256
Lithium Polymer,XIAOMI,Vinyl Black,16MP,MI 11 LITE,Qualcomm Snapdragon 732G,64MP + 8MP + 5MP,4250,23999,16.64,8,25999,6022,4.2,611,128
Lithium Polymer,XIAOMI,Shadow Black,13MP,REDMI NOTE 10S,Mediatek Helio G95,64MP + 8MP + 2MP + 2MP,5000,12999,16.33,6,16999,84168,4.4,5715,64
Lithium Ion,SAMSUNG,Red,5MP,SAMSUNG GALAXY A03,Unisoc UMS9230,48MP + 2MP,5000,11499,16.51,4,14499,179,4.2,14,64
Lithium Polymer,XIAOMI,Purple Mist,16MP,XIAOMI 11I 5G,Mediatek Dimensity 920,108MP,5160,24999,16.94,6,29999,37768,4.2,4638,128
Lithium Ion,ITEL,Lake Blue,,ITEL A23 PRO,Unisoc 9832E Quad Core,2MP,2400,4199,12.7,1,17999,4783,3.7,390,8
,ITEL,Gradation Green,2MP,ITEL A25,Cortex A53 architecture (Quad core),5MP,3020,4889,12.7,1,17999,1096,3.9,102,16
,XIAOMI,Couture Blue,,XIAOMI 12 PRO 5G,Snapdragon@ 8 Gen 1,50MP,4600,46990,17.09,8,79990,134,4.1,21,256
Lithium Polymer,XIAOMI,Gold,20MP,REDMI NOTE 5 PRO,Qualcomm Snapdragon 636,12MP + 5MP,4000,14999,15.21,4,17999,1171704,4.5,122453,64
Lithium Polymer,XIAOMI,Sky White,8MP,REDMI 8A DUAL,Qualcomm Snapdragon 439,13MP + 2MP,5000,7499,15.8,2,17999,57135,4.3,4170,32
Lithium,XIAOMI,Matte Black,5MP,POCO C3,Mediatek Helio G35,13MP + 2MP + 2MP,5000,8490,16.59,3,17999,398759,4.3,26507,32
Lithium,OPPO,Moonlight Gold,16MP,OPPO A54,MediaTek Helio P35,13MP + 2MP + 2MP,5000,17800,16.54,6,17999,4062,4.3,229,128
Lithium Ion,SAMSUNG,Cloud Lavender,32MP,SAMSUNG GALAXY S20 FE,Exynos Octa Core,12MP + 12MP + 8MP,4500,50010,16.51,8,65999,927,4,89,128
Lithium Ion,SAMSUNG,Green,5MP,SAMSUNG GALAXY A04,Mediatek Helio P35,50MP + 2MP,5000,12999,16.51,4,15999,13,3.8,2,128
Lithium Ion,SAMSUNG,Awesome Blue,13MP,SAMSUNG GALAXY A33,Exynos 1280,48MP + 8MP + 5MP + 2MP,5000,27699,16.26,8,33990,827,4.2,91,128
,APPLE,,12MP,APPLE IPHONE 13,A Bionic Chip,12MP + 12MP,,87999,15.49,,99900,190651,4.7,10468,
,ITEL,Multi Green,,ITEL VISION3 TURBO,,8MP,5000,7100,16.76,3,8999,6,3,1,64
Lithium,XIAOMI,Cosmic Black,20MP,MI 10T,Qualcomm Snapdragon 865,64MP + 13MP + 5MP,5000,37999,16.94,8,42999,3645,4.1,460,128
,REALME,Racing Silver,16MP,REALME NARZO 30 5G,MediaTek Dimensity 700 (MT6833),48MP + 2MP + 2MP,5000,16999,16.51,6,17999,84648,4.3,7375,128
Lithium Ion,OPPO,Sunset Blue,16MP,OPPO A96,Qualcomm Snapdragon 680,50MP + 2MP,5000,17999,16.74,8,23999,973,4.3,94,128
Lithium Ion,REALME,Nitro Blue,16MP,REALME GT NEO 3,Mediatek Dimensity 8100,50MP + 8MP + 2MP,5000,36999,17.02,8,38999,832,4.1,136,128
,XIAOMI,Opera Mauve,,XIAOMI 12 PRO 5G,Snapdragon@ 8 Gen 1,50MP,4600,47490,17.09,8,79990,134,4.1,21,256
,XIAOMI,Celestial Magic,,XIAOMI 11T PRO 5G HYPERPHONE,,108MP,5000,33500,16.94,8,35899,496,4.1,56,128
,XIAOMI,Glacial Blue,16MP,REDMI NOTE 10 PRO MAX,Qualcomm Snapdragon 732G,108MP,5020,20390,16.94,6,22999,16833,4.3,1271,128
Lithium,XIAOMI,Out of the Blue,16MP,POCO M2 PRO,Qualcomm Snapdragon 720G,48MP + 8MP + 5MP + 2MP,5000,17999,16.94,6,17999,350744,4.4,33202,64
,TECNO,Spruce Green,8MP,TECNO SPARK 7,Helio A25,16MP,6000,8490,16.56,2,8999,1487,4.2,89,32
Lithium,XIAOMI,Matrix Purple,20MP + 2MP Dual,POCO X2,Qualcomm Snapdragon 730G,64MP + 8MP + 2MP + 2MP,4500,17999,16.94,6,17999,271179,4.5,28996,64
,REALME,NEO Blue,16MP,REALME GT NEO 2,Qualcomm Snapdragon 870,64MP + 8MP + 2MP,5000,35999,16.81,,38999,4430,4.4,628,256
,REALME,NEO Black,16MP,REALME GT NEO 2,Qualcomm Snapdragon 870,64MP + 8MP + 2MP,5000,35999,16.81,,38999,4430,4.4,628,256
,REALME,NEO Black,16MP,REALME GT NEO 2,Qualcomm Snapdragon 870,64MP + 8MP + 2MP,5000,31999,16.81,8,34999,18194,4.4,2478,128
,REALME,Rust Red,32MP + 8MP Dual,REALME X50 PRO,,64MP + 12MP + 8MP + 2MP,4200,41999,16.36,8,17999,8689,4.4,1232,128
Lithium,XIAOMI,Two Shades of Black,16MP,POCO M2 PRO,Qualcomm Snapdragon 720G,48MP + 8MP + 5MP + 2MP,5000,17999,16.94,6,17999,350744,4.4,33202,64
